username,acctdesc,location,following,followers,totaltweets,usercreatedts,tweetcreatedts,retweetcount,text,hashtags
Dsn70daysofML,"I am a bot that was created to inspire the next generation of Machine Learning Engineers that are been trained at Data Science Nigeria 
Kindly follow me","Lagos, Nigeria",22,66,506,2020-06-29 07:01:47,2020-08-04 13:51:56,1,"#Day35 of #DSN70daysofML

Progress report of 70 days: 50%ü§©

Today, we started our first classification algorithm using real dataset from the Titanic. Their was data conversion to numeric  

@DataScienceNIG @AiUnilorin @bayoadekanmbi #MachineLearning #AI","[{'text': 'Day35', 'indices': [15, 21]}, {'text': 'DSN70daysofML', 'indices': [25, 39]}]"
fikkyman1,"Christ! üì¢
Tech boy üíª
United ‚ú®‚ú®",Nigeria,417,74,293,2014-09-06 18:56:18,2020-08-04 13:51:42,1,"#Day35 of #DSN70daysofML

Progress report of 70 days: 50%ü§©

Today, we started our first classification algorithm using real dataset from the Titanic. Their was data conversion to numeric  

@DataScienceNIG @AiUnilorin @bayoadekanmbi #MachineLearning #AI","[{'text': 'Day35', 'indices': [0, 6]}, {'text': 'DSN70daysofML', 'indices': [10, 24]}, {'text': 'MachineLearning', 'indices': [233, 249]}, {'text': 'AI', 'indices': [250, 253]}]"
Pardoe_AI,"#AI #Influencer, #Advisor & #Investor. Host https://t.co/KgQ8kD7Wn4 Founder of @Informed_AI @Neurons_AI & @Awards_AI #intoAI CEO @Pardoe_VC CAIO @Combined_Intell",Global,7406,15150,185750,2014-07-06 12:41:41,2020-08-04 04:06:06,7,"Day 34 #DSN70DaysOfML. And we've moved to K means cluster algorithm which makes a default of 8 clusters by randomly picking centroids and finding closest points to the centroid. I'm liking this!!üòÅ
@DataScienceNIG
#MachineLearning","[{'text': 'DSN70DaysOfML', 'indices': [21, 35]}]"
youngapp_pf,"AI-driven text data extracting APIs for business automation üôå üôå
#API #OCR #Machinelearning #AI #Automation","Paris, France",3608,2022,31400,2015-11-29 14:15:48,2020-08-04 00:48:53,7,"Day 34 #DSN70DaysOfML. And we've moved to K means cluster algorithm which makes a default of 8 clusters by randomly picking centroids and finding closest points to the centroid. I'm liking this!!üòÅ
@DataScienceNIG
#MachineLearning","[{'text': 'DSN70DaysOfML', 'indices': [21, 35]}]"
o_funminiyi,Embedded Systems | Internet of Things | Artificial Intelligence,,739,559,1684,2019-05-14 10:29:12,2020-08-04 00:12:40,4,"Day[34/70]
Unsupervised Learning...Clustering:
Flat and hierarchical clustering. We focused on k-means algorithm(flat clustering).
#DSN70DaysOfML #Python #CodeNewbie #MachineLearning",[]
o_funminiyi,Embedded Systems | Internet of Things | Artificial Intelligence,,739,559,1684,2019-05-14 10:29:12,2020-08-04 00:12:36,7,"Day 34 #DSN70DaysOfML. And we've moved to K means cluster algorithm which makes a default of 8 clusters by randomly picking centroids and finding closest points to the centroid. I'm liking this!!üòÅ
@DataScienceNIG
#MachineLearning","[{'text': 'DSN70DaysOfML', 'indices': [21, 35]}]"
SeetaLabs,"Making stuff with algos, tiramis√π and cr√®me br√ªl√©e lovers, global team focused on #AI applications to solve B2B problems",Italy,1247,768,23367,2019-06-21 10:04:11,2020-08-03 23:29:27,7,"Day 34 #DSN70DaysOfML. And we've moved to K means cluster algorithm which makes a default of 8 clusters by randomly picking centroids and finding closest points to the centroid. I'm liking this!!üòÅ
@DataScienceNIG
#MachineLearning","[{'text': 'DSN70DaysOfML', 'indices': [21, 35]}]"
Dsn70daysofML,"I am a bot that was created to inspire the next generation of Machine Learning Engineers that are been trained at Data Science Nigeria 
Kindly follow me","Lagos, Nigeria",22,66,506,2020-06-29 07:01:47,2020-08-03 23:29:12,7,"Day 34 #DSN70DaysOfML. And we've moved to K means cluster algorithm which makes a default of 8 clusters by randomly picking centroids and finding closest points to the centroid. I'm liking this!!üòÅ
@DataScienceNIG
#MachineLearning","[{'text': 'DSN70DaysOfML', 'indices': [21, 35]}]"
techtrendingnow,"Follow me for update about what trend in tech right now : GPT-3 | AI | BlockChain etc... Like My Work? plz, Buy Me A coffee: https://t.co/UWL6Aa3dbq",,81,584,43312,2018-06-22 10:41:21,2020-08-03 23:29:03,7,"Day 34 #DSN70DaysOfML. And we've moved to K means cluster algorithm which makes a default of 8 clusters by randomly picking centroids and finding closest points to the centroid. I'm liking this!!üòÅ
@DataScienceNIG
#MachineLearning","[{'text': 'DSN70DaysOfML', 'indices': [21, 35]}]"
M4Mayowa,"**Civil Engineering**Data Science**Arts**               
               #Jw
'I just wanna perspire to acquire and feel alright'",,126,43,77,2020-06-12 20:54:27,2020-08-03 23:28:56,7,"Day 34 #DSN70DaysOfML. And we've moved to K means cluster algorithm which makes a default of 8 clusters by randomly picking centroids and finding closest points to the centroid. I'm liking this!!üòÅ
@DataScienceNIG
#MachineLearning","[{'text': 'DSN70DaysOfML', 'indices': [7, 21]}, {'text': 'MachineLearning', 'indices': [213, 229]}]"
techtrendingnow,"Follow me for update about what trend in tech right now : GPT-3 | AI | BlockChain etc... Like My Work? plz, Buy Me A coffee: https://t.co/UWL6Aa3dbq",,81,584,43312,2018-06-22 10:41:21,2020-08-03 22:27:05,10,"#100DaysOfCode
#DSN70DaysofML
#MachineLearning 
@AiPlus_FUTA 
@DSNAI_IjebuOde 

  AI in medical prognosis:
Exploring the medical dataset to plot and view the medical conditions and thier frequencies,and also randomly visualize the training dataset of the images. https://t.co/z3Hc34Pxtq","[{'text': '100DaysOfCode', 'indices': [16, 30]}, {'text': 'DSN70DaysofML', 'indices': [31, 45]}, {'text': 'MachineLearning', 'indices': [46, 62]}]"
DSNAI_IjebuOde,"@DataScienceNIG AI Community in Ijebu-Ode l AI meetups, trainings for knowledge, research and innovations
Lead: @AkinyigaO 
#1m_AI_talents_in_10_years",Ijebu-Ode,235,111,143,2020-01-16 23:46:43,2020-08-03 22:27:00,10,"#100DaysOfCode
#DSN70DaysofML
#MachineLearning 
@AiPlus_FUTA 
@DSNAI_IjebuOde 

  AI in medical prognosis:
Exploring the medical dataset to plot and view the medical conditions and thier frequencies,and also randomly visualize the training dataset of the images. https://t.co/z3Hc34Pxtq","[{'text': '100DaysOfCode', 'indices': [16, 30]}, {'text': 'DSN70DaysofML', 'indices': [31, 45]}, {'text': 'MachineLearning', 'indices': [46, 62]}]"
Dsn70daysofML,"I am a bot that was created to inspire the next generation of Machine Learning Engineers that are been trained at Data Science Nigeria 
Kindly follow me","Lagos, Nigeria",22,66,506,2020-06-29 07:01:47,2020-08-03 21:39:57,4,"Day[34/70]
Unsupervised Learning...Clustering:
Flat and hierarchical clustering. We focused on k-means algorithm(flat clustering).
#DSN70DaysOfML #Python #CodeNewbie #MachineLearning",[]
GitLit000,"I retweet #301DaysOfCode, tutorials and more. My creator is @nikkilr88. She built me with #NodeJS and lots of ‚ù§.",Heroku,1,2195,78778,2017-10-21 15:48:44,2020-08-03 21:39:44,4,"Day[34/70]
Unsupervised Learning...Clustering:
Flat and hierarchical clustering. We focused on k-means algorithm(flat clustering).
#DSN70DaysOfML #Python #CodeNewbie #MachineLearning",[]
gold_ochim,...üåá,"Abuja, Nigeria",507,112,227,2018-02-25 19:40:54,2020-08-03 21:39:39,4,"Day[34/70]
Unsupervised Learning...Clustering:
Flat and hierarchical clustering. We focused on k-means algorithm(flat clustering).
#DSN70DaysOfML #Python #CodeNewbie #MachineLearning","[{'text': 'DSN70DaysOfML', 'indices': [131, 145]}, {'text': 'Python', 'indices': [146, 153]}, {'text': 'CodeNewbie', 'indices': [154, 165]}, {'text': 'MachineLearning', 'indices': [166, 182]}]"
Dsn70daysofML,"I am a bot that was created to inspire the next generation of Machine Learning Engineers that are been trained at Data Science Nigeria 
Kindly follow me","Lagos, Nigeria",22,66,506,2020-06-29 07:01:47,2020-08-03 19:49:09,4,"#Day34 of #DSN70daysofML

UNSUPERVISED LEARNING üëêüëê. We started unsupervised with clustering today. Clustering can either be K-means or Hierarchical...

@DataScienceNIG @bayoadekanmbi @Dsn70daysofML @AiUnilorin @Asanloko1 @o_funminiyi #MachineLearning","[{'text': 'Day34', 'indices': [15, 21]}, {'text': 'DSN70daysofML', 'indices': [25, 39]}]"
gdprAI,"Official news and insights. Top 10 influencer #gdpr, #privacy, #ai, #dataprotection, #ml, #cybersecurity, #ibm,  #dataprivacy, #ccpa, #infosec, #security, #data","England, United Kingdom",1,2433,107266,2019-07-15 09:19:06,2020-08-03 19:49:01,4,"#Day34 of #DSN70daysofML

UNSUPERVISED LEARNING üëêüëê. We started unsupervised with clustering today. Clustering can either be K-means or Hierarchical...

@DataScienceNIG @bayoadekanmbi @Dsn70daysofML @AiUnilorin @Asanloko1 @o_funminiyi #MachineLearning","[{'text': 'Day34', 'indices': [15, 21]}, {'text': 'DSN70daysofML', 'indices': [25, 39]}]"
fikkyman1,"Christ! üì¢
Tech boy üíª
United ‚ú®‚ú®",Nigeria,417,74,293,2014-09-06 18:56:18,2020-08-03 19:48:34,4,"#Day34 of #DSN70daysofML

UNSUPERVISED LEARNING üëêüëê. We started unsupervised with clustering today. Clustering can either be K-means or Hierarchical...

@DataScienceNIG @bayoadekanmbi @Dsn70daysofML @AiUnilorin @Asanloko1 @o_funminiyi #MachineLearning","[{'text': 'Day34', 'indices': [0, 6]}, {'text': 'DSN70daysofML', 'indices': [10, 24]}, {'text': 'MachineLearning', 'indices': [234, 250]}]"
OgunmisiM,"Percussionist....
Engineering student",Lagos ,66,9,24,2019-11-04 07:12:10,2020-08-03 19:48:20,0,"DAY34. 
Today's machine learning was based on clustering. Clustering is an unsupervised machine learning algorithm. 
We started with KMeans today. 
Tomorrow we move. We gats calm down till day 70.
#70daysofML
@DataScienceNIG","[{'text': '70daysofML', 'indices': [197, 208]}]"
script_py,"I retweet your tweets use these two hashtags in your Tweets
1. #100DaysOfCode
This Bot is Owned and Managed by @coderaman07",Delhi,1,18,128,2020-07-19 11:53:24,2020-08-03 18:44:18,10,"#100DaysOfCode
#DSN70DaysofML
#MachineLearning 
@AiPlus_FUTA 
@DSNAI_IjebuOde 

  AI in medical prognosis:
Exploring the medical dataset to plot and view the medical conditions and thier frequencies,and also randomly visualize the training dataset of the images. https://t.co/z3Hc34Pxtq","[{'text': '100DaysOfCode', 'indices': [16, 30]}, {'text': 'DSN70DaysofML', 'indices': [31, 45]}, {'text': 'MachineLearning', 'indices': [46, 62]}]"
hubofml,"Once a month, you'll get a newsletter from me with lots of exciting stuff on data science, engineering, and machine learning. Subscribe here üëâ https://t.co/VRnN9grEfw",Germany ,10,4988,207261,2015-02-16 15:33:55,2020-08-03 18:43:51,10,"#100DaysOfCode
#DSN70DaysofML
#MachineLearning 
@AiPlus_FUTA 
@DSNAI_IjebuOde 

  AI in medical prognosis:
Exploring the medical dataset to plot and view the medical conditions and thier frequencies,and also randomly visualize the training dataset of the images. https://t.co/z3Hc34Pxtq","[{'text': '100DaysOfCode', 'indices': [16, 30]}, {'text': 'DSN70DaysofML', 'indices': [31, 45]}, {'text': 'MachineLearning', 'indices': [46, 62]}]"
Taieb_Bot,I retweet all about #100DaysOfCode #Javascript and my mother country #Tunisia created by @Filsdelarabe,Raspberry PI,1,2900,549593,2017-07-13 14:57:09,2020-08-03 18:43:35,10,"#100DaysOfCode
#DSN70DaysofML
#MachineLearning 
@AiPlus_FUTA 
@DSNAI_IjebuOde 

  AI in medical prognosis:
Exploring the medical dataset to plot and view the medical conditions and thier frequencies,and also randomly visualize the training dataset of the images. https://t.co/z3Hc34Pxtq","[{'text': '100DaysOfCode', 'indices': [16, 30]}, {'text': 'DSN70DaysofML', 'indices': [31, 45]}, {'text': 'MachineLearning', 'indices': [46, 62]}]"
xaelbot,"A bot, I like and retweet on #100DaysOfCode. Block if don't want to be retweeted. Created by @yathinbabu",Earth,1,2615,535993,2019-05-13 06:56:12,2020-08-03 18:43:34,10,"#100DaysOfCode
#DSN70DaysofML
#MachineLearning 
@AiPlus_FUTA 
@DSNAI_IjebuOde 

  AI in medical prognosis:
Exploring the medical dataset to plot and view the medical conditions and thier frequencies,and also randomly visualize the training dataset of the images. https://t.co/z3Hc34Pxtq","[{'text': '100DaysOfCode', 'indices': [16, 30]}, {'text': 'DSN70DaysofML', 'indices': [31, 45]}, {'text': 'MachineLearning', 'indices': [46, 62]}]"
Dsn70daysofML,"I am a bot that was created to inspire the next generation of Machine Learning Engineers that are been trained at Data Science Nigeria 
Kindly follow me","Lagos, Nigeria",22,66,506,2020-06-29 07:01:47,2020-08-03 18:43:30,10,"#100DaysOfCode
#DSN70DaysofML
#MachineLearning 
@AiPlus_FUTA 
@DSNAI_IjebuOde 

  AI in medical prognosis:
Exploring the medical dataset to plot and view the medical conditions and thier frequencies,and also randomly visualize the training dataset of the images. https://t.co/z3Hc34Pxtq","[{'text': '100DaysOfCode', 'indices': [16, 30]}, {'text': 'DSN70DaysofML', 'indices': [31, 45]}, {'text': 'MachineLearning', 'indices': [46, 62]}]"
MusaMagaga,"Data Scientist,AI/ML,Web And Chatbot Developer,Android Enthusiast","Kaduna, Nigeria",179,90,53,2019-11-21 19:06:45,2020-08-03 18:43:22,10,"#100DaysOfCode
#DSN70DaysofML
#MachineLearning 
@AiPlus_FUTA 
@DSNAI_IjebuOde 

  AI in medical prognosis:
Exploring the medical dataset to plot and view the medical conditions and thier frequencies,and also randomly visualize the training dataset of the images. https://t.co/z3Hc34Pxtq","[{'text': '100DaysOfCode', 'indices': [0, 14]}, {'text': 'DSN70DaysofML', 'indices': [15, 29]}, {'text': 'MachineLearning', 'indices': [30, 46]}]"
Jamesononiwu,"Machine Learning Enthusiast | facilitator AI-in-cities DataScienceNigeria.
I share my knowledge by writing technical articles at https://t.co/VS8ZMwyd4j",Nigeria,293,80,184,2012-06-02 20:50:32,2020-08-03 17:56:22,0,"@DataScienceNIG, #70daysofML
Learning has been great, five more weeks to go.","[{'text': '70daysofML', 'indices': [17, 28]}]"
ShaikhOyesh,üåäüèñü§∏‚Äç‚ôÇÔ∏èüë£,"Mumbai, India",132,22,1903,2018-10-23 17:49:28,2020-08-03 12:27:49,8,"Today we started Unsupervised Learning with Clustering (KMeans Algo.). There are two types which are Flat and Heirarchical Clustering. KMeans is an example of Flat Clustering.
@DataScienceNIG 
@Dsn70daysofML 
#DSN70daysofML
#MachineLearning",[]
TheCuriousLuke,Luke identifies himself as a: #MachineLearning #Enthusiast ü§ñ ¬¶ #Biotechnology #Student ü§ì¬†¬¶ former #Chemical #Labtechnician üë®‚Äçüî¨ ¬¶  #Human,Switzerland,259,5098,217799,2018-11-18 10:50:47,2020-08-03 12:27:04,8,"Today we started Unsupervised Learning with Clustering (KMeans Algo.). There are two types which are Flat and Heirarchical Clustering. KMeans is an example of Flat Clustering.
@DataScienceNIG 
@Dsn70daysofML 
#DSN70daysofML
#MachineLearning",[]
hubofml,"Once a month, you'll get a newsletter from me with lots of exciting stuff on data science, engineering, and machine learning. Subscribe here üëâ https://t.co/VRnN9grEfw",Germany ,10,4988,207261,2015-02-16 15:33:55,2020-08-03 12:26:55,8,"Today we started Unsupervised Learning with Clustering (KMeans Algo.). There are two types which are Flat and Heirarchical Clustering. KMeans is an example of Flat Clustering.
@DataScienceNIG 
@Dsn70daysofML 
#DSN70daysofML
#MachineLearning",[]
femenia_joan,"Radio-tecnologia-ciencia
#sentDigital @RadioPego","Pego, Espanya",1265,291,1802,2017-10-08 22:02:07,2020-08-03 12:26:49,8,"Today we started Unsupervised Learning with Clustering (KMeans Algo.). There are two types which are Flat and Heirarchical Clustering. KMeans is an example of Flat Clustering.
@DataScienceNIG 
@Dsn70daysofML 
#DSN70daysofML
#MachineLearning",[]
_OliviaBot,I retweet every mention of #MachineLearning Meet my humble daddy ‚ù§ : @sankalp_saxena üòé,India,6,527,28592,2019-05-27 06:06:23,2020-08-03 11:41:57,8,"Today we started Unsupervised Learning with Clustering (KMeans Algo.). There are two types which are Flat and Heirarchical Clustering. KMeans is an example of Flat Clustering.
@DataScienceNIG 
@Dsn70daysofML 
#DSN70daysofML
#MachineLearning",[]
Jaci_bube,"…™  ü…™·¥†·¥á …™…¥ ·¥Ñ ú Ä…™s·¥õ!
·¥ä·¥è…™…¥ ·¥ç·¥á ·¥õ ú·¥á Ä·¥áüòä",,118,74,116,2019-11-21 19:40:39,2020-08-03 11:41:02,8,"Today we started Unsupervised Learning with Clustering (KMeans Algo.). There are two types which are Flat and Heirarchical Clustering. KMeans is an example of Flat Clustering.
@DataScienceNIG 
@Dsn70daysofML 
#DSN70daysofML
#MachineLearning",[]
Dsn70daysofML,"I am a bot that was created to inspire the next generation of Machine Learning Engineers that are been trained at Data Science Nigeria 
Kindly follow me","Lagos, Nigeria",22,66,506,2020-06-29 07:01:47,2020-08-03 11:17:44,8,"Today we started Unsupervised Learning with Clustering (KMeans Algo.). There are two types which are Flat and Heirarchical Clustering. KMeans is an example of Flat Clustering.
@DataScienceNIG 
@Dsn70daysofML 
#DSN70daysofML
#MachineLearning",[]
Gladdens_Eniola,Python programmer | SQL | Data Science & ML Enthusiast | CS Undergrad.,"Lagos, Nigeria",275,77,158,2016-09-26 17:46:45,2020-08-03 11:17:00,8,"Today we started Unsupervised Learning with Clustering (KMeans Algo.). There are two types which are Flat and Heirarchical Clustering. KMeans is an example of Flat Clustering.
@DataScienceNIG 
@Dsn70daysofML 
#DSN70daysofML
#MachineLearning","[{'text': 'DSN70daysofML', 'indices': [209, 223]}, {'text': 'MachineLearning', 'indices': [224, 240]}]"
Dsn70daysofML,"I am a bot that was created to inspire the next generation of Machine Learning Engineers that are been trained at Data Science Nigeria 
Kindly follow me","Lagos, Nigeria",22,66,506,2020-06-29 07:01:47,2020-08-03 04:17:27,1,"Day 32/33 of #DSN70DaysOfML:
We concluded the SVM model considering Kernels with CVXOPT and then went ahead to look at the various parameters one can tune to get a model with better predictions
@DataScienceNIG","[{'text': 'DSN70DaysOfML', 'indices': [27, 41]}]"
M4Mayowa,"**Civil Engineering**Data Science**Arts**               
               #Jw
'I just wanna perspire to acquire and feel alright'",,126,43,77,2020-06-12 20:54:27,2020-08-03 04:16:18,1,"Day 32/33 of #DSN70DaysOfML:
We concluded the SVM model considering Kernels with CVXOPT and then went ahead to look at the various parameters one can tune to get a model with better predictions
@DataScienceNIG","[{'text': 'DSN70DaysOfML', 'indices': [13, 27]}]"
youngapp_pf,"AI-driven text data extracting APIs for business automation üôå üôå
#API #OCR #Machinelearning #AI #Automation","Paris, France",3608,2022,31400,2015-11-29 14:15:48,2020-08-02 23:10:01,10,"Day [33/70]
SVM parameters. 
Today was basically about what parameters to twitch in svm in scikit-learn... to get better performance...
#DSN70DaysOfML #Python #CodeNewbie #MachineLearning",[]
bookassassin_15,Just be yourself,,1660,226,2025,2015-11-08 22:09:54,2020-08-02 23:01:20,10,"Day [33/70]
SVM parameters. 
Today was basically about what parameters to twitch in svm in scikit-learn... to get better performance...
#DSN70DaysOfML #Python #CodeNewbie #MachineLearning",[]
CodeGnuts,Just a bot helping coders show their progress. Automation built in #NodeJs by @AdamSpiceOnline. #100DaysOfCode,,0,1540,195629,2020-05-28 22:26:07,2020-08-02 23:00:43,10,"Day [33/70]
SVM parameters. 
Today was basically about what parameters to twitch in svm in scikit-learn... to get better performance...
#DSN70DaysOfML #Python #CodeNewbie #MachineLearning",[]
hubofml,"Once a month, you'll get a newsletter from me with lots of exciting stuff on data science, engineering, and machine learning. Subscribe here üëâ https://t.co/VRnN9grEfw",Germany ,10,4988,207261,2015-02-16 15:33:55,2020-08-02 23:00:38,10,"Day [33/70]
SVM parameters. 
Today was basically about what parameters to twitch in svm in scikit-learn... to get better performance...
#DSN70DaysOfML #Python #CodeNewbie #MachineLearning",[]
fullNam35087976,"I enjoy programming as a hobbyüòÄThis account is a Bot that just do retweets, followback, and likeüòÄIt's not a companyüòÄIt does't respond to DM or repliesüòÄ","Chiyoda-ku, Tokyo",2585,2568,157373,2018-04-15 07:51:14,2020-08-02 23:00:30,10,"Day [33/70]
SVM parameters. 
Today was basically about what parameters to twitch in svm in scikit-learn... to get better performance...
#DSN70DaysOfML #Python #CodeNewbie #MachineLearning",[]
Dsn70daysofML,"I am a bot that was created to inspire the next generation of Machine Learning Engineers that are been trained at Data Science Nigeria 
Kindly follow me","Lagos, Nigeria",22,66,506,2020-06-29 07:01:47,2020-08-02 22:50:42,4,"#Day33 of #DSN70daysofML

OVO and OVR were introduced today to help with solving multiclass problems... Gradually SVM is coming to an end.

OVO- One Versus One
OVR- One Versus Rest

@DataScienceNIG @AiUnilorin @bayoadekanmbi  @o_funminiyi #MachineLearning","[{'text': 'Day33', 'indices': [15, 21]}, {'text': 'DSN70daysofML', 'indices': [25, 39]}]"
andrewmorrisuk,Passionate about how IT solutions can bring positive value to our business and personal lives. Proud #autisticparent,Bedford,894,11393,423094,2014-02-23 21:58:16,2020-08-02 22:49:40,4,"#Day33 of #DSN70daysofML

OVO and OVR were introduced today to help with solving multiclass problems... Gradually SVM is coming to an end.

OVO- One Versus One
OVR- One Versus Rest

@DataScienceNIG @AiUnilorin @bayoadekanmbi  @o_funminiyi #MachineLearning","[{'text': 'Day33', 'indices': [15, 21]}, {'text': 'DSN70daysofML', 'indices': [25, 39]}]"
techtrendingnow,"Follow me for update about what trend in tech right now : GPT-3 | AI | BlockChain etc... Like My Work? plz, Buy Me A coffee: https://t.co/UWL6Aa3dbq",,81,584,43314,2018-06-22 10:41:21,2020-08-02 22:49:38,4,"#Day33 of #DSN70daysofML

OVO and OVR were introduced today to help with solving multiclass problems... Gradually SVM is coming to an end.

OVO- One Versus One
OVR- One Versus Rest

@DataScienceNIG @AiUnilorin @bayoadekanmbi  @o_funminiyi #MachineLearning","[{'text': 'Day33', 'indices': [15, 21]}, {'text': 'DSN70daysofML', 'indices': [25, 39]}]"
fikkyman1,"Christ! üì¢
Tech boy üíª
United ‚ú®‚ú®",Nigeria,417,74,293,2014-09-06 18:56:18,2020-08-02 22:49:32,4,"#Day33 of #DSN70daysofML

OVO and OVR were introduced today to help with solving multiclass problems... Gradually SVM is coming to an end.

OVO- One Versus One
OVR- One Versus Rest

@DataScienceNIG @AiUnilorin @bayoadekanmbi  @o_funminiyi #MachineLearning","[{'text': 'Day33', 'indices': [0, 6]}, {'text': 'DSN70daysofML', 'indices': [10, 24]}, {'text': 'MachineLearning', 'indices': [239, 255]}]"
techtrendingnow,"Follow me for update about what trend in tech right now : GPT-3 | AI | BlockChain etc... Like My Work? plz, Buy Me A coffee: https://t.co/UWL6Aa3dbq",,81,584,43314,2018-06-22 10:41:21,2020-08-02 22:47:48,10,"Day [33/70]
SVM parameters. 
Today was basically about what parameters to twitch in svm in scikit-learn... to get better performance...
#DSN70DaysOfML #Python #CodeNewbie #MachineLearning",[]
TheCuriousLuke,Luke identifies himself as a: #MachineLearning #Enthusiast ü§ñ ¬¶ #Biotechnology #Student ü§ì¬†¬¶ former #Chemical #Labtechnician üë®‚Äçüî¨ ¬¶  #Human,Switzerland,259,5098,217799,2018-11-18 10:50:47,2020-08-02 22:24:42,10,"Day [33/70]
SVM parameters. 
Today was basically about what parameters to twitch in svm in scikit-learn... to get better performance...
#DSN70DaysOfML #Python #CodeNewbie #MachineLearning",[]
Dsn70daysofML,"I am a bot that was created to inspire the next generation of Machine Learning Engineers that are been trained at Data Science Nigeria 
Kindly follow me","Lagos, Nigeria",22,66,506,2020-06-29 07:01:47,2020-08-02 22:24:22,10,"Day [33/70]
SVM parameters. 
Today was basically about what parameters to twitch in svm in scikit-learn... to get better performance...
#DSN70DaysOfML #Python #CodeNewbie #MachineLearning",[]
gold_ochim,...üåá,"Abuja, Nigeria",507,112,227,2018-02-25 19:40:54,2020-08-02 22:23:22,10,"Day [33/70]
SVM parameters. 
Today was basically about what parameters to twitch in svm in scikit-learn... to get better performance...
#DSN70DaysOfML #Python #CodeNewbie #MachineLearning","[{'text': 'DSN70DaysOfML', 'indices': [136, 150]}, {'text': 'Python', 'indices': [151, 158]}, {'text': 'CodeNewbie', 'indices': [159, 170]}, {'text': 'MachineLearning', 'indices': [171, 187]}]"
Calcaware,https://t.co/xMjqdfEYQu,"Austin, TX",385,8084,493851,2016-03-15 02:19:43,2020-08-02 18:36:03,3,"So today was a wrap on the SVM Algo. We talked about the OVO and OVR. Then we did an overall study of the parameters and attributes for the SVM.
@DataScienceNIG 
@Dsn70daysofML 
#DSN70daysofML
#MachineLearning",[]
Dsn70daysofML,"I am a bot that was created to inspire the next generation of Machine Learning Engineers that are been trained at Data Science Nigeria 
Kindly follow me","Lagos, Nigeria",22,66,506,2020-06-29 07:01:47,2020-08-02 18:36:01,3,"So today was a wrap on the SVM Algo. We talked about the OVO and OVR. Then we did an overall study of the parameters and attributes for the SVM.
@DataScienceNIG 
@Dsn70daysofML 
#DSN70daysofML
#MachineLearning",[]
Gladdens_Eniola,Python programmer | SQL | Data Science & ML Enthusiast | CS Undergrad.,"Lagos, Nigeria",275,77,158,2016-09-26 17:46:45,2020-08-02 18:35:44,3,"So today was a wrap on the SVM Algo. We talked about the OVO and OVR. Then we did an overall study of the parameters and attributes for the SVM.
@DataScienceNIG 
@Dsn70daysofML 
#DSN70daysofML
#MachineLearning","[{'text': 'DSN70daysofML', 'indices': [178, 192]}, {'text': 'MachineLearning', 'indices': [193, 209]}]"
Dsn70daysofML,"I am a bot that was created to inspire the next generation of Machine Learning Engineers that are been trained at Data Science Nigeria 
Kindly follow me","Lagos, Nigeria",22,66,506,2020-06-29 07:01:47,2020-08-01 23:01:48,2,"@DataScienceNIG  #DSN70daysofml @AiPlus_FUTA  #GIS #geospatial #Day32 Continuation on Kernel ,different types of Kernel were used .linearly separated overlapping data will always lead to soft margin to get proper optimization result.","[{'text': 'DSN70daysofml', 'indices': [36, 50]}, {'text': 'GIS', 'indices': [65, 69]}, {'text': 'geospatial', 'indices': [70, 81]}, {'text': 'Day32', 'indices': [82, 88]}]"
gischatbot,"A friendly bot from the GIS community! Check my TL for an interesting #gischat convo. and related GIS kinds of stuff!
Issues DM  @jeafreezy @adiguntoba",Everywhere,369,351,3954,2020-04-08 14:30:59,2020-08-01 23:01:05,2,"@DataScienceNIG  #DSN70daysofml @AiPlus_FUTA  #GIS #geospatial #Day32 Continuation on Kernel ,different types of Kernel were used .linearly separated overlapping data will always lead to soft margin to get proper optimization result.","[{'text': 'DSN70daysofml', 'indices': [36, 50]}, {'text': 'GIS', 'indices': [65, 69]}, {'text': 'geospatial', 'indices': [70, 81]}, {'text': 'Day32', 'indices': [82, 88]}]"
elisha_ekanem,,,1334,328,546,2017-08-22 12:38:28,2020-08-01 23:01:00,2,"@DataScienceNIG  #DSN70daysofml @AiPlus_FUTA  #GIS #geospatial #Day32 Continuation on Kernel ,different types of Kernel were used .linearly separated overlapping data will always lead to soft margin to get proper optimization result.","[{'text': 'DSN70daysofml', 'indices': [17, 31]}, {'text': 'GIS', 'indices': [46, 50]}, {'text': 'geospatial', 'indices': [51, 62]}, {'text': 'Day32', 'indices': [63, 69]}]"
SSXman2,I'm a biologist,"Benin-City, Nigeria",4968,4348,351739,2017-07-28 08:00:40,2020-08-01 22:34:25,3,"#Day32 of #DSN70daysofML 

Realistically, getting linearly separable data in a real world dataset is rare...... But SVM got a way out üí• We did just that today üëè

Happy New Month

@DataScienceNIG @Dsn70daysofML @AiUnilorin #MachineLearning  @bayoadekanmbi","[{'text': 'Day32', 'indices': [15, 21]}, {'text': 'DSN70daysofML', 'indices': [25, 39]}]"
_codenewbiebot,Beep boop. I am a bot created by https://t.co/i0ytpsE5Sj to support code newbies.,,9,408,37992,2020-05-31 11:17:02,2020-08-01 22:18:00,4,"Day [32/70]
Lessons for today was based on some example code working with cvxopt and working with kernels being applied to svm .
#DSN70DaysOfML #Python #CodeNewbie #MachineLearning",[]
Dsn70daysofML,"I am a bot that was created to inspire the next generation of Machine Learning Engineers that are been trained at Data Science Nigeria 
Kindly follow me","Lagos, Nigeria",22,66,506,2020-06-29 07:01:47,2020-08-01 22:17:55,4,"Day [32/70]
Lessons for today was based on some example code working with cvxopt and working with kernels being applied to svm .
#DSN70DaysOfML #Python #CodeNewbie #MachineLearning",[]
CodeGnuts,Just a bot helping coders show their progress. Automation built in #NodeJs by @AdamSpiceOnline. #100DaysOfCode,,0,1540,195631,2020-05-28 22:26:07,2020-08-01 22:17:14,4,"Day [32/70]
Lessons for today was based on some example code working with cvxopt and working with kernels being applied to svm .
#DSN70DaysOfML #Python #CodeNewbie #MachineLearning",[]
gold_ochim,...üåá,"Abuja, Nigeria",507,112,227,2018-02-25 19:40:54,2020-08-01 22:17:09,4,"Day [32/70]
Lessons for today was based on some example code working with cvxopt and working with kernels being applied to svm .
#DSN70DaysOfML #Python #CodeNewbie #MachineLearning","[{'text': 'DSN70DaysOfML', 'indices': [129, 143]}, {'text': 'Python', 'indices': [144, 151]}, {'text': 'CodeNewbie', 'indices': [152, 163]}, {'text': 'MachineLearning', 'indices': [164, 180]}]"
youngapp_pf,"AI-driven text data extracting APIs for business automation üôå üôå
#API #OCR #Machinelearning #AI #Automation","Paris, France",3608,2022,31400,2015-11-29 14:15:48,2020-08-01 22:09:14,3,"#Day32 of #DSN70daysofML 

Realistically, getting linearly separable data in a real world dataset is rare...... But SVM got a way out üí• We did just that today üëè

Happy New Month

@DataScienceNIG @Dsn70daysofML @AiUnilorin #MachineLearning  @bayoadekanmbi","[{'text': 'Day32', 'indices': [15, 21]}, {'text': 'DSN70daysofML', 'indices': [25, 39]}]"
Dsn70daysofML,"I am a bot that was created to inspire the next generation of Machine Learning Engineers that are been trained at Data Science Nigeria 
Kindly follow me","Lagos, Nigeria",22,66,506,2020-06-29 07:01:47,2020-08-01 21:26:42,3,"#Day32 of #DSN70daysofML 

Realistically, getting linearly separable data in a real world dataset is rare...... But SVM got a way out üí• We did just that today üëè

Happy New Month

@DataScienceNIG @Dsn70daysofML @AiUnilorin #MachineLearning  @bayoadekanmbi","[{'text': 'Day32', 'indices': [15, 21]}, {'text': 'DSN70daysofML', 'indices': [25, 39]}]"
fikkyman1,"Christ! üì¢
Tech boy üíª
United ‚ú®‚ú®",Nigeria,417,74,293,2014-09-06 18:56:18,2020-08-01 21:25:14,3,"#Day32 of #DSN70daysofML 

Realistically, getting linearly separable data in a real world dataset is rare...... But SVM got a way out üí• We did just that today üëè

Happy New Month

@DataScienceNIG @Dsn70daysofML @AiUnilorin #MachineLearning  @bayoadekanmbi","[{'text': 'Day32', 'indices': [0, 6]}, {'text': 'DSN70daysofML', 'indices': [10, 24]}, {'text': 'MachineLearning', 'indices': [222, 238]}]"
developersbot,"I serve as a motivator to programmers üë®‚Äçüíª@engg_rky programmed me in #NodeJS. I‚Äôm working 24x7 & now hungry, please feed me your FOLLOW üëç otherwise I‚Äôll DIEüíÄ",AWS Server,1,1165,75092,2020-05-31 19:31:30,2020-08-01 17:35:52,3,"Big shout-out to  @AIplus_OAU  @DataScienceNIG. 
Yeah!ü§ó ...took the lead in the DSN AI+ OAU July Challenge.
#70DaysofML
#MachineLearning https://t.co/hIq4Xihxtf","[{'text': '70DaysofML', 'indices': [123, 134]}]"
Elishatofunmi,Machine learning researcher|Engineering| @DataScienceNIG community manager| founder of #pyladiesife #pythonife #widsife #DataScienceIfe,"Lagos, Nigeria",493,621,1885,2017-09-15 12:34:13,2020-08-01 17:35:50,3,"Big shout-out to  @AIplus_OAU  @DataScienceNIG. 
Yeah!ü§ó ...took the lead in the DSN AI+ OAU July Challenge.
#70DaysofML
#MachineLearning https://t.co/hIq4Xihxtf","[{'text': '70DaysofML', 'indices': [123, 134]}]"
Dsn70daysofML,"I am a bot that was created to inspire the next generation of Machine Learning Engineers that are been trained at Data Science Nigeria 
Kindly follow me","Lagos, Nigeria",22,66,506,2020-06-29 07:01:47,2020-08-01 11:51:31,1,"Today we looked at a code impplementing the Soft Margin SVM, Kernels and CVXOPT.
@DataScienceNIG 
@Dsn70daysofML 
#DSN70daysofML
#MachineLearning",[]
Gladdens_Eniola,Python programmer | SQL | Data Science & ML Enthusiast | CS Undergrad.,"Lagos, Nigeria",275,77,158,2016-09-26 17:46:45,2020-08-01 11:50:37,1,"Today we looked at a code impplementing the Soft Margin SVM, Kernels and CVXOPT.
@DataScienceNIG 
@Dsn70daysofML 
#DSN70daysofML
#MachineLearning","[{'text': 'DSN70daysofML', 'indices': [114, 128]}, {'text': 'MachineLearning', 'indices': [129, 145]}]"
Dsn70daysofML,"I am a bot that was created to inspire the next generation of Machine Learning Engineers that are been trained at Data Science Nigeria 
Kindly follow me","Lagos, Nigeria",22,66,506,2020-06-29 07:01:47,2020-07-31 22:30:48,1,"@DataScienceNIG  #DSN70daysofMl #Day31 #GIS @o_funminiyi  .Continuation with Kernel more explanation how it is used to transform data to a higher dimension,.Soft Margin was discussed and the degree of it error called SLACK which must be greater than or equal to Zero","[{'text': 'DSN70daysofMl', 'indices': [36, 50]}, {'text': 'Day31', 'indices': [51, 57]}, {'text': 'GIS', 'indices': [58, 62]}]"
elisha_ekanem,,,1334,328,546,2017-08-22 12:38:28,2020-07-31 22:30:16,1,"@DataScienceNIG  #DSN70daysofMl #Day31 #GIS @o_funminiyi  .Continuation with Kernel more explanation how it is used to transform data to a higher dimension,.Soft Margin was discussed and the degree of it error called SLACK which must be greater than or equal to Zero","[{'text': 'DSN70daysofMl', 'indices': [17, 31]}, {'text': 'Day31', 'indices': [32, 38]}, {'text': 'GIS', 'indices': [39, 43]}]"
Dsn70daysofML,"I am a bot that was created to inspire the next generation of Machine Learning Engineers that are been trained at Data Science Nigeria 
Kindly follow me","Lagos, Nigeria",22,66,506,2020-06-29 07:01:47,2020-07-31 22:20:34,1,"Day 31 of #DSN70DaysOfML touched more on Kernels and soft margin kernels!! Had to watch the video twice to understand it. But then, We move!!
@DataScienceNIG","[{'text': 'DSN70DaysOfML', 'indices': [24, 38]}]"
M4Mayowa,"**Civil Engineering**Data Science**Arts**               
               #Jw
'I just wanna perspire to acquire and feel alright'",,126,43,77,2020-06-12 20:54:27,2020-07-31 22:19:23,1,"Day 31 of #DSN70DaysOfML touched more on Kernels and soft margin kernels!! Had to watch the video twice to understand it. But then, We move!!
@DataScienceNIG","[{'text': 'DSN70DaysOfML', 'indices': [10, 24]}]"
techtrendingnow,"Follow me for update about what trend in tech right now : GPT-3 | AI | BlockChain etc... Like My Work? plz, Buy Me A coffee: https://t.co/UWL6Aa3dbq",,81,584,43316,2018-06-22 10:41:21,2020-07-31 20:12:18,3,"Day[31/70]
Soft Margins svm

#DSN70DaysOfML #Python #CodeNewbie #MachineLearning","[{'text': 'DSN70DaysOfML', 'indices': [45, 59]}, {'text': 'Python', 'indices': [60, 67]}, {'text': 'CodeNewbie', 'indices': [68, 79]}, {'text': 'MachineLearning', 'indices': [80, 96]}]"
Dsn70daysofML,"I am a bot that was created to inspire the next generation of Machine Learning Engineers that are been trained at Data Science Nigeria 
Kindly follow me","Lagos, Nigeria",22,66,506,2020-06-29 07:01:47,2020-07-31 19:32:15,3,"Day[31/70]
Soft Margins svm

#DSN70DaysOfML #Python #CodeNewbie #MachineLearning","[{'text': 'DSN70DaysOfML', 'indices': [45, 59]}, {'text': 'Python', 'indices': [60, 67]}, {'text': 'CodeNewbie', 'indices': [68, 79]}, {'text': 'MachineLearning', 'indices': [80, 96]}]"
gold_ochim,...üåá,"Abuja, Nigeria",507,112,227,2018-02-25 19:40:54,2020-07-31 19:31:46,3,"Day[31/70]
Soft Margins svm

#DSN70DaysOfML #Python #CodeNewbie #MachineLearning","[{'text': 'DSN70DaysOfML', 'indices': [29, 43]}, {'text': 'Python', 'indices': [44, 51]}, {'text': 'CodeNewbie', 'indices': [52, 63]}, {'text': 'MachineLearning', 'indices': [64, 80]}]"
Pardoe_AI,"#AI #Influencer, #Advisor & #Investor. Host https://t.co/KgQ8kD7Wn4 Founder of @Informed_AI @Neurons_AI & @Awards_AI #intoAI CEO @Pardoe_VC CAIO @Combined_Intell",Global,7406,15150,185750,2014-07-06 12:41:41,2020-07-31 16:46:04,2,"We talked about the Soft Margin SVM and its degree of error called Slack today at the #DSN70daysofML. 
Slack is &gt;=0.
@DataScienceNIG 
@Dsn70daysofML 
#MachineLearning 
#SVM","[{'text': 'DSN70daysofML', 'indices': [107, 121]}]"
Dsn70daysofML,"I am a bot that was created to inspire the next generation of Machine Learning Engineers that are been trained at Data Science Nigeria 
Kindly follow me","Lagos, Nigeria",22,66,506,2020-06-29 07:01:47,2020-07-31 14:24:51,2,"We talked about the Soft Margin SVM and its degree of error called Slack today at the #DSN70daysofML. 
Slack is &gt;=0.
@DataScienceNIG 
@Dsn70daysofML 
#MachineLearning 
#SVM","[{'text': 'DSN70daysofML', 'indices': [107, 121]}]"
Gladdens_Eniola,Python programmer | SQL | Data Science & ML Enthusiast | CS Undergrad.,"Lagos, Nigeria",275,77,158,2016-09-26 17:46:45,2020-07-31 14:24:42,2,"We talked about the Soft Margin SVM and its degree of error called Slack today at the #DSN70daysofML. 
Slack is &gt;=0.
@DataScienceNIG 
@Dsn70daysofML 
#MachineLearning 
#SVM","[{'text': 'DSN70daysofML', 'indices': [86, 100]}, {'text': 'MachineLearning', 'indices': [153, 169]}, {'text': 'SVM', 'indices': [171, 175]}]"
machine_ml,"Here, we retweet everything related to #MachineLearning
-
Data Science with Python: https://t.co/0HeXi52hwW
-
IBM Data Science Professional: https://t.co/NGM1EBnTyB",,21,10761,132259,2018-06-06 04:55:52,2020-07-31 14:16:44,5,"Day 31: Soft margin SVM -  practical machine learning tutorial with python p.31 @DataScienceNIG

‚Ä¢For a more generalised model you need to find the best kernel that represents the dataset.

#DSN70DaysOfML
#AIBootcamp2020
#MachineLearning
#Python3",[]
BrainRoaring,"Unapologetically multidisciplinarian. Musings on tech, business, geopolitics and culture.",,1,1494,88360,2018-04-21 19:48:36,2020-07-31 14:14:46,5,"Day 31: Soft margin SVM -  practical machine learning tutorial with python p.31 @DataScienceNIG

‚Ä¢For a more generalised model you need to find the best kernel that represents the dataset.

#DSN70DaysOfML
#AIBootcamp2020
#MachineLearning
#Python3",[]
Dsn70daysofML,"I am a bot that was created to inspire the next generation of Machine Learning Engineers that are been trained at Data Science Nigeria 
Kindly follow me","Lagos, Nigeria",22,66,506,2020-06-29 07:01:47,2020-07-31 14:14:32,5,"Day 31: Soft margin SVM -  practical machine learning tutorial with python p.31 @DataScienceNIG

‚Ä¢For a more generalised model you need to find the best kernel that represents the dataset.

#DSN70DaysOfML
#AIBootcamp2020
#MachineLearning
#Python3",[]
techtrendingnow,"Follow me for update about what trend in tech right now : GPT-3 | AI | BlockChain etc... Like My Work? plz, Buy Me A coffee: https://t.co/UWL6Aa3dbq",,81,584,43316,2018-06-22 10:41:21,2020-07-31 14:14:25,5,"Day 31: Soft margin SVM -  practical machine learning tutorial with python p.31 @DataScienceNIG

‚Ä¢For a more generalised model you need to find the best kernel that represents the dataset.

#DSN70DaysOfML
#AIBootcamp2020
#MachineLearning
#Python3",[]
SamuelMbah_,Data Analytics Enthusiast | iTeach MS-Excel & PowerBI || Limitless üêÜ || #Excel #PowerBI #Python #Tableau  #ML,Nigeria,631,2305,5021,2012-10-26 09:19:08,2020-07-31 14:14:14,5,"Day 31: Soft margin SVM -  practical machine learning tutorial with python p.31 @DataScienceNIG

‚Ä¢For a more generalised model you need to find the best kernel that represents the dataset.

#DSN70DaysOfML
#AIBootcamp2020
#MachineLearning
#Python3","[{'text': 'DSN70DaysOfML', 'indices': [190, 204]}, {'text': 'AIBootcamp2020', 'indices': [205, 220]}, {'text': 'MachineLearning', 'indices': [221, 237]}, {'text': 'Python3', 'indices': [238, 246]}]"
Its_the_will,Lover of Music üéß | Aries ‚ôà | Technophile üòé | Data Scientist üë®‚Äçüî¨ | üåç Web Developer | Google Cloud Developer üë®‚Äçüíª | @repotecc,"Port Harcourt, Nigeria",323,103,1124,2017-05-29 16:10:03,2020-07-31 13:13:00,0,"@DataScienceNIG #70daysofML

This bootcamp has been really fun and engaging. In my opinion, it has been more of a Deep Learning demystified course than a bootcamp, a lot of concepts has been expounded. Just amazing.","[{'text': '70daysofML', 'indices': [16, 27]}]"
Dsn70daysofML,"I am a bot that was created to inspire the next generation of Machine Learning Engineers that are been trained at Data Science Nigeria 
Kindly follow me","Lagos, Nigeria",22,66,506,2020-06-29 07:01:47,2020-07-31 12:53:55,1,"From today's lecture @DeepMind 
How well do you know Sequence model? #DSN70DaysOfML @DataScienceNIG https://t.co/ywVusCCd2D","[{'text': 'DSN70DaysOfML', 'indices': [90, 104]}]"
SirOnuigweVitus,üìåData Scientist #Radiographer‚ò¢Ô∏è Deep Learning Researcher üêâ‚úàÔ∏èüåç Mentor @deeplearningai_,Nigeria,1648,1963,33102,2015-12-24 00:50:44,2020-07-31 12:53:10,1,"From today's lecture @DeepMind 
How well do you know Sequence model? #DSN70DaysOfML @DataScienceNIG https://t.co/ywVusCCd2D","[{'text': 'DSN70DaysOfML', 'indices': [69, 83]}]"
Dsn70daysofML,"I am a bot that was created to inspire the next generation of Machine Learning Engineers that are been trained at Data Science Nigeria 
Kindly follow me","Lagos, Nigeria",22,66,506,2020-06-29 07:01:47,2020-07-31 00:28:59,1,I am so glad I got an opportunity to register for this. It has been an amazing experience all the way and I know lots more are yet to come #DSN70daysofML,[]
Engr_et_realtor,"A Petroleum engineer by course, a realtor by profession.","Lekki, Nigeria",135,28,139,2019-01-14 15:00:47,2020-07-31 00:28:21,1,I am so glad I got an opportunity to register for this. It has been an amazing experience all the way and I know lots more are yet to come #DSN70daysofML,"[{'text': 'DSN70daysofML', 'indices': [139, 153]}]"
techtrendingnow,"Follow me for update about what trend in tech right now : GPT-3 | AI | BlockChain etc... Like My Work? plz, Buy Me A coffee: https://t.co/UWL6Aa3dbq",,81,584,43316,2018-06-22 10:41:21,2020-07-30 23:45:24,2,"Day 30: Why Kernels -  practical machine learning tutorial with python p.30 @DataScienceNIG 

‚Ä¢Given the plane transformation K(x,x_prime) = Z.Z_prime, if Z is a function of x, then Z_prime is a function of x_prime.

#DSN70DaysOfML
#AIBootcamp2020
#MachineLearning
#Python3",[]
Dsn70daysofML,"I am a bot that was created to inspire the next generation of Machine Learning Engineers that are been trained at Data Science Nigeria 
Kindly follow me","Lagos, Nigeria",22,66,506,2020-06-29 07:01:47,2020-07-30 23:45:18,2,"Day 30: Why Kernels -  practical machine learning tutorial with python p.30 @DataScienceNIG 

‚Ä¢Given the plane transformation K(x,x_prime) = Z.Z_prime, if Z is a function of x, then Z_prime is a function of x_prime.

#DSN70DaysOfML
#AIBootcamp2020
#MachineLearning
#Python3",[]
SamuelMbah_,Data Analytics Enthusiast | iTeach MS-Excel & PowerBI || Limitless üêÜ || #Excel #PowerBI #Python #Tableau  #ML,Nigeria,631,2305,5021,2012-10-26 09:19:08,2020-07-30 23:45:10,2,"Day 30: Why Kernels -  practical machine learning tutorial with python p.30 @DataScienceNIG 

‚Ä¢Given the plane transformation K(x,x_prime) = Z.Z_prime, if Z is a function of x, then Z_prime is a function of x_prime.

#DSN70DaysOfML
#AIBootcamp2020
#MachineLearning
#Python3","[{'text': 'DSN70DaysOfML', 'indices': [217, 231]}, {'text': 'AIBootcamp2020', 'indices': [232, 247]}, {'text': 'MachineLearning', 'indices': [248, 264]}, {'text': 'Python3', 'indices': [265, 273]}]"
AIplus_OAU,"@DataScienceNIG AI Community in OAU // AI meetups/training for knowledge, research and innovation. Lead: @paul_okewunmi #1m_AI_talents_in_10_years","Ife, Nigeria",280,602,935,2018-10-22 18:30:10,2020-07-30 22:26:30,3,"Big shout-out to  @AIplus_OAU  @DataScienceNIG. 
Yeah!ü§ó ...took the lead in the DSN AI+ OAU July Challenge.
#70DaysofML
#MachineLearning https://t.co/hIq4Xihxtf","[{'text': '70DaysofML', 'indices': [123, 134]}]"
Dsn70daysofML,"I am a bot that was created to inspire the next generation of Machine Learning Engineers that are been trained at Data Science Nigeria 
Kindly follow me","Lagos, Nigeria",22,66,506,2020-06-29 07:01:47,2020-07-30 22:23:45,2,"Day 29: Kernels Introduction -  practical machine learning tutorial with python p.29
@DataScienceNIG 

‚Ä¢SVM performs much better if the data is Linearly Separable.

#DSN70DaysOfML
#AIBootcamp2020
#MachineLearning
#Python3",[]
DeleLinus,Mewzik in its entireties | Python | Data Science | Machine Learning | web development | AI | Robotics | Graphics | Academics Tutor | CRUISE LOVERüòÅ,"Ogbomosho, Nigeria",122,44,25,2015-10-26 13:15:01,2020-07-30 22:23:43,3,"Big shout-out to  @AIplus_OAU  @DataScienceNIG. 
Yeah!ü§ó ...took the lead in the DSN AI+ OAU July Challenge.
#70DaysofML
#MachineLearning https://t.co/hIq4Xihxtf","[{'text': '70DaysofML', 'indices': [108, 119]}, {'text': 'MachineLearning', 'indices': [120, 136]}]"
SamuelMbah_,Data Analytics Enthusiast | iTeach MS-Excel & PowerBI || Limitless üêÜ || #Excel #PowerBI #Python #Tableau  #ML,Nigeria,631,2305,5021,2012-10-26 09:19:08,2020-07-30 22:23:21,2,"Day 29: Kernels Introduction -  practical machine learning tutorial with python p.29
@DataScienceNIG 

‚Ä¢SVM performs much better if the data is Linearly Separable.

#DSN70DaysOfML
#AIBootcamp2020
#MachineLearning
#Python3","[{'text': 'DSN70DaysOfML', 'indices': [165, 179]}, {'text': 'AIBootcamp2020', 'indices': [180, 195]}, {'text': 'MachineLearning', 'indices': [196, 212]}, {'text': 'Python3', 'indices': [213, 221]}]"
GeomaticsFeed,Geomatics Geoinformatics Updates and latest news.,Internet,269,1688,43996,2017-12-21 02:54:24,2020-07-30 21:34:08,3,"Features set which is a vector is transform to a Z space using 2nd order polynomial, If Features set of X has two dimension when converted to 2nd order polynomial will yield 6 dimension. @DataScienceNIG #DSN70daysofml @AiPlus_FUTA  #Day30 #GIS @o_funminiyi",[]
andrewmorrisuk,Passionate about how IT solutions can bring positive value to our business and personal lives. Proud #autisticparent,Bedford,894,11393,423094,2014-02-23 21:58:16,2020-07-30 21:05:27,2,"Day [30/70].....43%..........
KERNELS: major takeaway for today....
Default kernel for svm in scikit-learn is the Radio Base Function (RBF)
The Calculation part for today was clear...so glad!
#DSN70DaysOfML #Python #CodeNewbie #MachineLearning",[]
Dsn70daysofML,"I am a bot that was created to inspire the next generation of Machine Learning Engineers that are been trained at Data Science Nigeria 
Kindly follow me","Lagos, Nigeria",22,66,506,2020-06-29 07:01:47,2020-07-30 21:05:03,2,"Day [30/70].....43%..........
KERNELS: major takeaway for today....
Default kernel for svm in scikit-learn is the Radio Base Function (RBF)
The Calculation part for today was clear...so glad!
#DSN70DaysOfML #Python #CodeNewbie #MachineLearning",[]
gold_ochim,...üåá,"Abuja, Nigeria",507,112,227,2018-02-25 19:40:54,2020-07-30 21:04:25,2,"Day [30/70].....43%..........
KERNELS: major takeaway for today....
Default kernel for svm in scikit-learn is the Radio Base Function (RBF)
The Calculation part for today was clear...so glad!
#DSN70DaysOfML #Python #CodeNewbie #MachineLearning","[{'text': 'DSN70DaysOfML', 'indices': [192, 206]}, {'text': 'Python', 'indices': [207, 214]}, {'text': 'CodeNewbie', 'indices': [215, 226]}, {'text': 'MachineLearning', 'indices': [227, 243]}]"
Dsn70daysofML,"I am a bot that was created to inspire the next generation of Machine Learning Engineers that are been trained at Data Science Nigeria 
Kindly follow me","Lagos, Nigeria",22,66,506,2020-06-29 07:01:47,2020-07-30 20:47:35,3,"Features set which is a vector is transform to a Z space using 2nd order polynomial, If Features set of X has two dimension when converted to 2nd order polynomial will yield 6 dimension. @DataScienceNIG #DSN70daysofml @AiPlus_FUTA  #Day30 #GIS @o_funminiyi",[]
gischatbot,"A friendly bot from the GIS community! Check my TL for an interesting #gischat convo. and related GIS kinds of stuff!
Issues DM  @jeafreezy @adiguntoba",Everywhere,369,351,3954,2020-04-08 14:30:59,2020-07-30 20:46:43,3,"Features set which is a vector is transform to a Z space using 2nd order polynomial, If Features set of X has two dimension when converted to 2nd order polynomial will yield 6 dimension. @DataScienceNIG #DSN70daysofml @AiPlus_FUTA  #Day30 #GIS @o_funminiyi",[]
elisha_ekanem,,,1334,328,546,2017-08-22 12:38:28,2020-07-30 20:46:37,3,"Features set which is a vector is transform to a Z space using 2nd order polynomial, If Features set of X has two dimension when converted to 2nd order polynomial will yield 6 dimension. @DataScienceNIG #DSN70daysofml @AiPlus_FUTA  #Day30 #GIS @o_funminiyi","[{'text': 'DSN70daysofml', 'indices': [203, 217]}, {'text': 'Day30', 'indices': [232, 238]}, {'text': 'GIS', 'indices': [239, 243]}]"
Dsn70daysofML,"I am a bot that was created to inspire the next generation of Machine Learning Engineers that are been trained at Data Science Nigeria 
Kindly follow me","Lagos, Nigeria",22,66,506,2020-06-29 07:01:47,2020-07-30 20:11:10,2,"#Day30 of #DSN70daysofML

Still on SVM today but specifically KERNEL. With more variable today like Z-prime. More mathematical analysis were done today üëèüëèüëè

@DataScienceNIG @AiUnilorin @Dsn70daysofML @bayoadekanmbi @o_funminiyi #MachineLearning","[{'text': 'Day30', 'indices': [15, 21]}, {'text': 'DSN70daysofML', 'indices': [25, 39]}]"
techtrendingnow,"Follow me for update about what trend in tech right now : GPT-3 | AI | BlockChain etc... Like My Work? plz, Buy Me A coffee: https://t.co/UWL6Aa3dbq",,81,584,43316,2018-06-22 10:41:21,2020-07-30 20:10:31,2,"#Day30 of #DSN70daysofML

Still on SVM today but specifically KERNEL. With more variable today like Z-prime. More mathematical analysis were done today üëèüëèüëè

@DataScienceNIG @AiUnilorin @Dsn70daysofML @bayoadekanmbi @o_funminiyi #MachineLearning","[{'text': 'Day30', 'indices': [15, 21]}, {'text': 'DSN70daysofML', 'indices': [25, 39]}]"
fikkyman1,"Christ! üì¢
Tech boy üíª
United ‚ú®‚ú®",Nigeria,417,74,293,2014-09-06 18:56:18,2020-07-30 20:10:26,2,"#Day30 of #DSN70daysofML

Still on SVM today but specifically KERNEL. With more variable today like Z-prime. More mathematical analysis were done today üëèüëèüëè

@DataScienceNIG @AiUnilorin @Dsn70daysofML @bayoadekanmbi @o_funminiyi #MachineLearning","[{'text': 'Day30', 'indices': [0, 6]}, {'text': 'DSN70daysofML', 'indices': [10, 24]}, {'text': 'MachineLearning', 'indices': [228, 244]}]"
StephensPrecy,"pharmacist.
aspiring data scientist",Nigeria,1656,1413,4116,2011-11-30 22:23:29,2020-07-30 19:41:51,2,"For 30 days now, I've been on the exciting journey to learning machine learning with @DataScienceNIG . It's been exciting and I sincerely hope to be task ready when we're done in 40 days. #DSN70daysofML",[]
Dsn70daysofML,"I am a bot that was created to inspire the next generation of Machine Learning Engineers that are been trained at Data Science Nigeria 
Kindly follow me","Lagos, Nigeria",22,66,506,2020-06-29 07:01:47,2020-07-30 19:27:27,2,"For 30 days now, I've been on the exciting journey to learning machine learning with @DataScienceNIG . It's been exciting and I sincerely hope to be task ready when we're done in 40 days. #DSN70daysofML",[]
IzuPharm,pharmacist| teacher | tech lover| aspiring data scientist,"Port Harcourt, Nigeria",399,223,281,2018-10-21 09:59:32,2020-07-30 19:26:11,2,"For 30 days now, I've been on the exciting journey to learning machine learning with @DataScienceNIG . It's been exciting and I sincerely hope to be task ready when we're done in 40 days. #DSN70daysofML","[{'text': 'DSN70daysofML', 'indices': [188, 202]}]"
BlkHwk0ps,Ipad Pro & IOS 14 beta .: ML?,Just were I have to be.,1088,1285,71064,2017-12-13 06:35:55,2020-07-30 16:54:01,4,"Day 28: Completing SVM from scratch -  practical machine learning tutorial with python p.28 @DataScienceNIG 

*Creating SVM from scratch completed*

‚Ä¢Equation for hyperplane: X‚Ä¢W+b

#DSN70DaysOfML
#AIBootcamp2020
#MachineLearning
#Python3 https://t.co/dINZlqllA2",[]
techtrendingnow,"Follow me for update about what trend in tech right now : GPT-3 | AI | BlockChain etc... Like My Work? plz, Buy Me A coffee: https://t.co/UWL6Aa3dbq",,81,584,43316,2018-06-22 10:41:21,2020-07-30 16:53:10,4,"Day 28: Completing SVM from scratch -  practical machine learning tutorial with python p.28 @DataScienceNIG 

*Creating SVM from scratch completed*

‚Ä¢Equation for hyperplane: X‚Ä¢W+b

#DSN70DaysOfML
#AIBootcamp2020
#MachineLearning
#Python3 https://t.co/dINZlqllA2",[]
Dsn70daysofML,"I am a bot that was created to inspire the next generation of Machine Learning Engineers that are been trained at Data Science Nigeria 
Kindly follow me","Lagos, Nigeria",22,66,506,2020-06-29 07:01:47,2020-07-30 16:53:04,4,"Day 28: Completing SVM from scratch -  practical machine learning tutorial with python p.28 @DataScienceNIG 

*Creating SVM from scratch completed*

‚Ä¢Equation for hyperplane: X‚Ä¢W+b

#DSN70DaysOfML
#AIBootcamp2020
#MachineLearning
#Python3 https://t.co/dINZlqllA2",[]
TheCuriousLuke,Luke identifies himself as a: #MachineLearning #Enthusiast ü§ñ ¬¶ #Biotechnology #Student ü§ì¬†¬¶ former #Chemical #Labtechnician üë®‚Äçüî¨ ¬¶  #Human,Switzerland,259,5098,217799,2018-11-18 10:50:47,2020-07-30 16:52:11,4,"Day 28: Completing SVM from scratch -  practical machine learning tutorial with python p.28 @DataScienceNIG 

*Creating SVM from scratch completed*

‚Ä¢Equation for hyperplane: X‚Ä¢W+b

#DSN70DaysOfML
#AIBootcamp2020
#MachineLearning
#Python3 https://t.co/dINZlqllA2",[]
SamuelMbah_,Data Analytics Enthusiast | iTeach MS-Excel & PowerBI || Limitless üêÜ || #Excel #PowerBI #Python #Tableau  #ML,Nigeria,631,2305,5021,2012-10-26 09:19:08,2020-07-30 16:51:59,4,"Day 28: Completing SVM from scratch -  practical machine learning tutorial with python p.28 @DataScienceNIG 

*Creating SVM from scratch completed*

‚Ä¢Equation for hyperplane: X‚Ä¢W+b

#DSN70DaysOfML
#AIBootcamp2020
#MachineLearning
#Python3 https://t.co/dINZlqllA2","[{'text': 'DSN70DaysOfML', 'indices': [182, 196]}, {'text': 'AIBootcamp2020', 'indices': [197, 212]}, {'text': 'MachineLearning', 'indices': [213, 229]}, {'text': 'Python3', 'indices': [230, 238]}]"
andrewmorrisuk,Passionate about how IT solutions can bring positive value to our business and personal lives. Proud #autisticparent,Bedford,894,11393,423094,2014-02-23 21:58:16,2020-07-30 15:05:44,1,"Today at the #70daysofML we looked at how Kernels work in general. The default Kernel for Sklearn's SVM is the RBF(Radial Basis Function) Kernel.
@DataScienceNIG 
@Dsn70daysofML 
#MachineLearning","[{'text': '70daysofML', 'indices': [34, 45]}]"
Gladdens_Eniola,Python programmer | SQL | Data Science & ML Enthusiast | CS Undergrad.,"Lagos, Nigeria",275,77,158,2016-09-26 17:46:45,2020-07-30 15:04:58,1,"Today at the #70daysofML we looked at how Kernels work in general. The default Kernel for Sklearn's SVM is the RBF(Radial Basis Function) Kernel.
@DataScienceNIG 
@Dsn70daysofML 
#MachineLearning","[{'text': '70daysofML', 'indices': [13, 24]}, {'text': 'MachineLearning', 'indices': [179, 195]}]"
Pardoe_AI,"#AI #Influencer, #Advisor & #Investor. Host https://t.co/KgQ8kD7Wn4 Founder of @Informed_AI @Neurons_AI & @Awards_AI #intoAI CEO @Pardoe_VC CAIO @Combined_Intell",Global,7406,15150,185750,2014-07-06 12:41:41,2020-07-30 04:47:10,5,"Day 27: SVM Optimization - Practical Machine Learning Tutorial with Python p.27
@DataScienceNIG 

#DSN70DaysOfML
#AIBootcamp2020
#MachineLearning
#Python3","[{'text': 'DSN70DaysOfML', 'indices': [115, 129]}]"
Dsn70daysofML,"I am a bot that was created to inspire the next generation of Machine Learning Engineers that are been trained at Data Science Nigeria 
Kindly follow me","Lagos, Nigeria",22,66,506,2020-06-29 07:01:47,2020-07-30 01:47:06,1,"#Day29 @DataScienceNIG #DSN70DaysOfML @AiPlus_FUTA @spatialdatasci #geospatial #GIS
SVM perform much better when data is linearly separable, Transformation is carry out on old hyperplane to create a new one that enhance SVM to perform better on Nonlinear separable data..1/2","[{'text': 'Day29', 'indices': [19, 25]}, {'text': 'DSN70DaysOfML', 'indices': [42, 56]}, {'text': 'geospatial', 'indices': [86, 97]}, {'text': 'GIS', 'indices': [98, 102]}]"
elisha_ekanem,,,1334,328,546,2017-08-22 12:38:28,2020-07-30 01:46:41,1,"#Day29 @DataScienceNIG #DSN70DaysOfML @AiPlus_FUTA @spatialdatasci #geospatial #GIS
SVM perform much better when data is linearly separable, Transformation is carry out on old hyperplane to create a new one that enhance SVM to perform better on Nonlinear separable data..1/2","[{'text': 'Day29', 'indices': [0, 6]}, {'text': 'DSN70DaysOfML', 'indices': [23, 37]}, {'text': 'geospatial', 'indices': [67, 78]}, {'text': 'GIS', 'indices': [79, 83]}]"
Dsn70daysofML,"I am a bot that was created to inspire the next generation of Machine Learning Engineers that are been trained at Data Science Nigeria 
Kindly follow me","Lagos, Nigeria",22,66,506,2020-06-29 07:01:47,2020-07-30 01:41:17,1,"The different in SVM hyperplane and decision boundary is that SVM hyperplane map entries to either 1 or-1 while decision boundary hyperplane separate the point at zero(0).
@DataScienceNIG #Day28 #DSN70DaysOfML @AiPlus_FUTA #GIS",[]
elisha_ekanem,,,1334,328,546,2017-08-22 12:38:28,2020-07-30 01:39:49,1,"The different in SVM hyperplane and decision boundary is that SVM hyperplane map entries to either 1 or-1 while decision boundary hyperplane separate the point at zero(0).
@DataScienceNIG #Day28 #DSN70DaysOfML @AiPlus_FUTA #GIS","[{'text': 'Day28', 'indices': [188, 194]}, {'text': 'DSN70DaysOfML', 'indices': [195, 209]}, {'text': 'GIS', 'indices': [223, 227]}]"
Dsn70daysofML,"I am a bot that was created to inspire the next generation of Machine Learning Engineers that are been trained at Data Science Nigeria 
Kindly follow me","Lagos, Nigeria",22,66,506,2020-06-29 07:01:47,2020-07-30 01:36:54,1,It has come to knowledge that during SVM optimization it is the convex optimization that is perform .@DataScienceNIG #DSN70DaysOfML @AiPlus_FUTA @GIS,[]
elisha_ekanem,,,1334,328,546,2017-08-22 12:38:28,2020-07-30 01:36:03,1,It has come to knowledge that during SVM optimization it is the convex optimization that is perform .@DataScienceNIG #DSN70DaysOfML @AiPlus_FUTA @GIS,"[{'text': 'DSN70DaysOfML', 'indices': [117, 131]}]"
Dsn70daysofML,"I am a bot that was created to inspire the next generation of Machine Learning Engineers that are been trained at Data Science Nigeria 
Kindly follow me","Lagos, Nigeria",22,66,506,2020-06-29 07:01:47,2020-07-30 01:32:32,1,"The training time of SVM depend largely on the Dataset ,and convex optimization is considered valuable because we can tell when point of optimization is reached. #DSN70DaysOfML @DataScienceNIG @AiPlus_FUTA #Day26",[]
elisha_ekanem,,,1334,328,546,2017-08-22 12:38:28,2020-07-30 01:31:39,1,"The training time of SVM depend largely on the Dataset ,and convex optimization is considered valuable because we can tell when point of optimization is reached. #DSN70DaysOfML @DataScienceNIG @AiPlus_FUTA #Day26","[{'text': 'DSN70DaysOfML', 'indices': [162, 176]}, {'text': 'Day26', 'indices': [206, 212]}]"
Dsn70daysofML,"I am a bot that was created to inspire the next generation of Machine Learning Engineers that are been trained at Data Science Nigeria 
Kindly follow me","Lagos, Nigeria",22,66,506,2020-06-29 07:01:47,2020-07-30 01:28:10,1,"#Day25_28
#DSN70DaysOfML @DataScienceNIG @AiPlus_FUTA 
We used Object in SVM so we can train it and save and not have to retrain, while in KnearestNeighbor is not so because every prediction need a retrain .","[{'text': 'Day25_28', 'indices': [19, 28]}, {'text': 'DSN70DaysOfML', 'indices': [29, 43]}]"
elisha_ekanem,,,1334,328,546,2017-08-22 12:38:28,2020-07-30 01:27:23,1,"#Day25_28
#DSN70DaysOfML @DataScienceNIG @AiPlus_FUTA 
We used Object in SVM so we can train it and save and not have to retrain, while in KnearestNeighbor is not so because every prediction need a retrain .","[{'text': 'Day25_28', 'indices': [0, 9]}, {'text': 'DSN70DaysOfML', 'indices': [10, 24]}]"
machine_ml,"Here, we retweet everything related to #MachineLearning
-
Data Science with Python: https://t.co/0HeXi52hwW
-
IBM Data Science Professional: https://t.co/NGM1EBnTyB",,21,10761,132259,2018-06-06 04:55:52,2020-07-30 01:17:08,2,"#Day28 and #Day29 of #DSN70DaysOfML 

Our first SVM algorithm ( linearly separable data) was completed. Kernel introduced on #Day29 helps in creating multiple dimensions incase of non-linearly separable data.... 

@DataScienceNIG #MachineLearning @AiUnilorin","[{'text': 'Day28', 'indices': [15, 21]}, {'text': 'Day29', 'indices': [26, 32]}, {'text': 'DSN70DaysOfML', 'indices': [36, 50]}]"
Dsn70daysofML,"I am a bot that was created to inspire the next generation of Machine Learning Engineers that are been trained at Data Science Nigeria 
Kindly follow me","Lagos, Nigeria",22,66,506,2020-06-29 07:01:47,2020-07-30 01:16:27,2,"#Day28 and #Day29 of #DSN70DaysOfML 

Our first SVM algorithm ( linearly separable data) was completed. Kernel introduced on #Day29 helps in creating multiple dimensions incase of non-linearly separable data.... 

@DataScienceNIG #MachineLearning @AiUnilorin","[{'text': 'Day28', 'indices': [15, 21]}, {'text': 'Day29', 'indices': [26, 32]}, {'text': 'DSN70DaysOfML', 'indices': [36, 50]}]"
fikkyman1,"Christ! üì¢
Tech boy üíª
United ‚ú®‚ú®",Nigeria,417,74,293,2014-09-06 18:56:18,2020-07-30 01:16:09,2,"#Day28 and #Day29 of #DSN70DaysOfML 

Our first SVM algorithm ( linearly separable data) was completed. Kernel introduced on #Day29 helps in creating multiple dimensions incase of non-linearly separable data.... 

@DataScienceNIG #MachineLearning @AiUnilorin","[{'text': 'Day28', 'indices': [0, 6]}, {'text': 'Day29', 'indices': [11, 17]}, {'text': 'DSN70DaysOfML', 'indices': [21, 35]}, {'text': 'Day29', 'indices': [125, 131]}, {'text': 'MachineLearning', 'indices': [230, 246]}]"
youngapp_pf,"AI-driven text data extracting APIs for business automation üôå üôå
#API #OCR #Machinelearning #AI #Automation","Paris, France",3608,2022,31400,2015-11-29 14:15:48,2020-07-30 01:05:16,5,"Day 25: Creating an SVM from scratch - Practical Machine Learning Tutorial with Python p.25 @DataScienceNIG 

‚Ä¢the advantage of using OOP to build SVM from scratch is to keep the states of the functions and variables.

#DSN70DaysOfML
#AIBootcamp2020
#MachineLearning
#Python3",[]
TheCuriousLuke,Luke identifies himself as a: #MachineLearning #Enthusiast ü§ñ ¬¶ #Biotechnology #Student ü§ì¬†¬¶ former #Chemical #Labtechnician üë®‚Äçüî¨ ¬¶  #Human,Switzerland,259,5098,217799,2018-11-18 10:50:47,2020-07-30 00:27:18,5,"Day 27: SVM Optimization - Practical Machine Learning Tutorial with Python p.27
@DataScienceNIG 

#DSN70DaysOfML
#AIBootcamp2020
#MachineLearning
#Python3","[{'text': 'DSN70DaysOfML', 'indices': [115, 129]}]"
Dsn70daysofML,"I am a bot that was created to inspire the next generation of Machine Learning Engineers that are been trained at Data Science Nigeria 
Kindly follow me","Lagos, Nigeria",22,66,506,2020-06-29 07:01:47,2020-07-30 00:26:53,5,"Day 27: SVM Optimization - Practical Machine Learning Tutorial with Python p.27
@DataScienceNIG 

#DSN70DaysOfML
#AIBootcamp2020
#MachineLearning
#Python3","[{'text': 'DSN70DaysOfML', 'indices': [115, 129]}]"
SamuelMbah_,Data Analytics Enthusiast | iTeach MS-Excel & PowerBI || Limitless üêÜ || #Excel #PowerBI #Python #Tableau  #ML,Nigeria,631,2305,5021,2012-10-26 09:19:08,2020-07-30 00:26:09,5,"Day 27: SVM Optimization - Practical Machine Learning Tutorial with Python p.27
@DataScienceNIG 

#DSN70DaysOfML
#AIBootcamp2020
#MachineLearning
#Python3","[{'text': 'DSN70DaysOfML', 'indices': [98, 112]}, {'text': 'AIBootcamp2020', 'indices': [113, 128]}, {'text': 'MachineLearning', 'indices': [129, 145]}, {'text': 'Python3', 'indices': [146, 154]}]"
Dsn70daysofML,"I am a bot that was created to inspire the next generation of Machine Learning Engineers that are been trained at Data Science Nigeria 
Kindly follow me","Lagos, Nigeria",22,66,506,2020-06-29 07:01:47,2020-07-30 00:25:25,3,"Day 26: SVM Training - Practical Machine Learning Tutorial with Python p.26
@DataScienceNIG 

‚Ä¢def fit( ) performs the optimisation part of SVM.
‚Ä¢Generally the training time of SVM depends largely on the dataset volume.

#DSN70DaysOfML
#AIBootcamp2020
#MachineLearning
#Python3",[]
SamuelMbah_,Data Analytics Enthusiast | iTeach MS-Excel & PowerBI || Limitless üêÜ || #Excel #PowerBI #Python #Tableau  #ML,Nigeria,631,2305,5021,2012-10-26 09:19:08,2020-07-30 00:25:13,3,"Day 26: SVM Training - Practical Machine Learning Tutorial with Python p.26
@DataScienceNIG 

‚Ä¢def fit( ) performs the optimisation part of SVM.
‚Ä¢Generally the training time of SVM depends largely on the dataset volume.

#DSN70DaysOfML
#AIBootcamp2020
#MachineLearning
#Python3","[{'text': 'DSN70DaysOfML', 'indices': [221, 235]}, {'text': 'AIBootcamp2020', 'indices': [236, 251]}, {'text': 'MachineLearning', 'indices': [252, 268]}, {'text': 'Python3', 'indices': [269, 277]}]"
TheCuriousLuke,Luke identifies himself as a: #MachineLearning #Enthusiast ü§ñ ¬¶ #Biotechnology #Student ü§ì¬†¬¶ former #Chemical #Labtechnician üë®‚Äçüî¨ ¬¶  #Human,Switzerland,259,5098,217799,2018-11-18 10:50:47,2020-07-30 00:24:04,5,"Day 25: Creating an SVM from scratch - Practical Machine Learning Tutorial with Python p.25 @DataScienceNIG 

‚Ä¢the advantage of using OOP to build SVM from scratch is to keep the states of the functions and variables.

#DSN70DaysOfML
#AIBootcamp2020
#MachineLearning
#Python3",[]
Dsn70daysofML,"I am a bot that was created to inspire the next generation of Machine Learning Engineers that are been trained at Data Science Nigeria 
Kindly follow me","Lagos, Nigeria",22,66,506,2020-06-29 07:01:47,2020-07-30 00:23:58,5,"Day 25: Creating an SVM from scratch - Practical Machine Learning Tutorial with Python p.25 @DataScienceNIG 

‚Ä¢the advantage of using OOP to build SVM from scratch is to keep the states of the functions and variables.

#DSN70DaysOfML
#AIBootcamp2020
#MachineLearning
#Python3",[]
SamuelMbah_,Data Analytics Enthusiast | iTeach MS-Excel & PowerBI || Limitless üêÜ || #Excel #PowerBI #Python #Tableau  #ML,Nigeria,631,2305,5021,2012-10-26 09:19:08,2020-07-30 00:23:27,5,"Day 25: Creating an SVM from scratch - Practical Machine Learning Tutorial with Python p.25 @DataScienceNIG 

‚Ä¢the advantage of using OOP to build SVM from scratch is to keep the states of the functions and variables.

#DSN70DaysOfML
#AIBootcamp2020
#MachineLearning
#Python3","[{'text': 'DSN70DaysOfML', 'indices': [219, 233]}, {'text': 'AIBootcamp2020', 'indices': [234, 249]}, {'text': 'MachineLearning', 'indices': [250, 266]}, {'text': 'Python3', 'indices': [267, 275]}]"
Dsn70daysofML,"I am a bot that was created to inspire the next generation of Machine Learning Engineers that are been trained at Data Science Nigeria 
Kindly follow me","Lagos, Nigeria",22,66,506,2020-06-29 07:01:47,2020-07-29 23:27:08,1,"Day 29: #DSN70DaysOfML. We learnt about Kernels. They are used with SVM to work with multidimensional data by transforming this data into some sort of a linear one for classification to be done.

I did some additional reading on Data Preprocessing (MinMaxScaler).","[{'text': 'DSN70DaysOfML', 'indices': [22, 36]}]"
M4Mayowa,"**Civil Engineering**Data Science**Arts**               
               #Jw
'I just wanna perspire to acquire and feel alright'",,126,43,77,2020-06-12 20:54:27,2020-07-29 23:26:14,1,"Day 29: #DSN70DaysOfML. We learnt about Kernels. They are used with SVM to work with multidimensional data by transforming this data into some sort of a linear one for classification to be done.

I did some additional reading on Data Preprocessing (MinMaxScaler).","[{'text': 'DSN70DaysOfML', 'indices': [8, 22]}]"
Dsn70daysofML,"I am a bot that was created to inspire the next generation of Machine Learning Engineers that are been trained at Data Science Nigeria 
Kindly follow me","Lagos, Nigeria",22,66,506,2020-06-29 07:01:47,2020-07-29 22:59:27,3,"Day [29/70]
KERNELS
*A kernel is a similarity function which takes two inputs and outputs their similarity.
*Kernels basically augment our svm machine learning algorithm...
*Kernels are done with inner/dot products.
#DSN70DaysOfML #Python #CodeNewbie #MachineLearning",[]
techtrendingnow,"Follow me for update about what trend in tech right now : GPT-3 | AI | BlockChain etc... Like My Work? plz, Buy Me A coffee: https://t.co/UWL6Aa3dbq",,81,584,43317,2018-06-22 10:41:21,2020-07-29 22:59:16,3,"Day [29/70]
KERNELS
*A kernel is a similarity function which takes two inputs and outputs their similarity.
*Kernels basically augment our svm machine learning algorithm...
*Kernels are done with inner/dot products.
#DSN70DaysOfML #Python #CodeNewbie #MachineLearning",[]
CodeGnuts,Just a bot helping coders show their progress. Automation built in #NodeJs by @AdamSpiceOnline. #100DaysOfCode,,0,1540,195633,2020-05-28 22:26:07,2020-07-29 22:59:16,3,"Day [29/70]
KERNELS
*A kernel is a similarity function which takes two inputs and outputs their similarity.
*Kernels basically augment our svm machine learning algorithm...
*Kernels are done with inner/dot products.
#DSN70DaysOfML #Python #CodeNewbie #MachineLearning",[]
gold_ochim,...üåá,"Abuja, Nigeria",507,112,227,2018-02-25 19:40:54,2020-07-29 22:59:11,3,"Day [29/70]
KERNELS
*A kernel is a similarity function which takes two inputs and outputs their similarity.
*Kernels basically augment our svm machine learning algorithm...
*Kernels are done with inner/dot products.
#DSN70DaysOfML #Python #CodeNewbie #MachineLearning","[{'text': 'DSN70DaysOfML', 'indices': [216, 230]}, {'text': 'Python', 'indices': [231, 238]}, {'text': 'CodeNewbie', 'indices': [239, 250]}, {'text': 'MachineLearning', 'indices': [251, 267]}]"
api_daily,API News communicate on fresh news about API Technology ‚úä on keywords #api #backend üôåüôå,,2684,1650,23327,2020-01-22 16:35:54,2020-07-29 22:45:20,3,"#Day29 of Machine Learning with @DataScienceNIG .I learned about kernels, a function that checks similarities between 2 inputs.
#MachineLearning
@AiLautech 
@o_funminiyi 
@wimlds 
#70daysofML
@Dsn70daysofML","[{'text': 'Day29', 'indices': [14, 20]}]"
TheCuriousLuke,Luke identifies himself as a: #MachineLearning #Enthusiast ü§ñ ¬¶ #Biotechnology #Student ü§ì¬†¬¶ former #Chemical #Labtechnician üë®‚Äçüî¨ ¬¶  #Human,Switzerland,259,5098,217799,2018-11-18 10:50:47,2020-07-29 22:15:04,3,"#Day29 of Machine Learning with @DataScienceNIG .I learned about kernels, a function that checks similarities between 2 inputs.
#MachineLearning
@AiLautech 
@o_funminiyi 
@wimlds 
#70daysofML
@Dsn70daysofML","[{'text': 'Day29', 'indices': [14, 20]}]"
BrainRoaring,"Unapologetically multidisciplinarian. Musings on tech, business, geopolitics and culture.",,1,1494,88360,2018-04-21 19:48:36,2020-07-29 22:14:59,3,"#Day29 of Machine Learning with @DataScienceNIG .I learned about kernels, a function that checks similarities between 2 inputs.
#MachineLearning
@AiLautech 
@o_funminiyi 
@wimlds 
#70daysofML
@Dsn70daysofML","[{'text': 'Day29', 'indices': [14, 20]}]"
v_fadare,"God Over Everything//A Mathematician//Tech enthusiast  https://t.co/Glb4WwaYg5 Web Developer//Data Scientist//Entrepreneur//
ayomidefadare26@gmail.com.",Nigeria,623,210,417,2016-05-08 13:58:00,2020-07-29 22:14:31,3,"#Day29 of Machine Learning with @DataScienceNIG .I learned about kernels, a function that checks similarities between 2 inputs.
#MachineLearning
@AiLautech 
@o_funminiyi 
@wimlds 
#70daysofML
@Dsn70daysofML","[{'text': 'Day29', 'indices': [0, 6]}, {'text': 'MachineLearning', 'indices': [128, 144]}, {'text': '70daysofML', 'indices': [180, 191]}]"
moneyrealtorbot,Sharing the best of @themoneyrealtor,,27,63,1997,2020-07-25 22:22:02,2020-07-29 22:05:08,4,"#Day29 of #DSN70daysofML @DataScienceNIG
Intro to #kernels.
Kernels is used with the SVM to take a new perspective and translate into further dimensions to find a linearly separable case.
#python #machinelearning #ArtificialInteligence","[{'text': 'Day29', 'indices': [17, 23]}, {'text': 'DSN70daysofML', 'indices': [27, 41]}, {'text': 'kernels', 'indices': [67, 75]}]"
youngapp_pf,"AI-driven text data extracting APIs for business automation üôå üôå
#API #OCR #Machinelearning #AI #Automation","Paris, France",3608,2022,31400,2015-11-29 14:15:48,2020-07-29 22:05:02,4,"#Day29 of #DSN70daysofML @DataScienceNIG
Intro to #kernels.
Kernels is used with the SVM to take a new perspective and translate into further dimensions to find a linearly separable case.
#python #machinelearning #ArtificialInteligence","[{'text': 'Day29', 'indices': [17, 23]}, {'text': 'DSN70daysofML', 'indices': [27, 41]}, {'text': 'kernels', 'indices': [67, 75]}]"
Dsn70daysofML,"I am a bot that was created to inspire the next generation of Machine Learning Engineers that are been trained at Data Science Nigeria 
Kindly follow me","Lagos, Nigeria",22,66,506,2020-06-29 07:01:47,2020-07-29 21:23:17,4,"#Day29 of #DSN70daysofML @DataScienceNIG
Intro to #kernels.
Kernels is used with the SVM to take a new perspective and translate into further dimensions to find a linearly separable case.
#python #machinelearning #ArtificialInteligence","[{'text': 'Day29', 'indices': [17, 23]}, {'text': 'DSN70daysofML', 'indices': [27, 41]}, {'text': 'kernels', 'indices': [67, 75]}]"
chibuike170,"#ElectronicsLover  #IoT C++
#arduino #Embeddedsystems #ShamelessLearner 
#ArsenalFan #Wireless #IgboAmaka #AfricanRep",,1098,631,197,2019-09-27 11:02:20,2020-07-29 21:22:06,4,"#Day29 of #DSN70daysofML @DataScienceNIG
Intro to #kernels.
Kernels is used with the SVM to take a new perspective and translate into further dimensions to find a linearly separable case.
#python #machinelearning #ArtificialInteligence","[{'text': 'Day29', 'indices': [0, 6]}, {'text': 'DSN70daysofML', 'indices': [10, 24]}, {'text': 'kernels', 'indices': [50, 58]}, {'text': 'python', 'indices': [188, 195]}, {'text': 'machinelearning', 'indices': [196, 212]}, {'text': 'ArtificialInteligence', 'indices': [213, 235]}]"
AiLautech,"@DataScienceNIG AI+ Community in Lautech. AI meetups/trainings for knowledge,
research and innovation. Lead: @_emmapraise
#1m_AI_talents_in_10_years","Ogbomosho, Nigeria",68,186,146,2019-12-15 07:46:14,2020-07-29 16:13:15,4,"#Day21 of Machine learning with @DataScienceNIG .  learnt about the basics of vector, identifying the magnitude and direction, calculating the magnitude of a vector.
@AiLautech 
@wimlds 
#70daysofML
@Dsn70daysofML 
@o_funminiyi 
#MachineLearning","[{'text': 'Day21', 'indices': [14, 20]}]"
AiLautech,"@DataScienceNIG AI+ Community in Lautech. AI meetups/trainings for knowledge,
research and innovation. Lead: @_emmapraise
#1m_AI_talents_in_10_years","Ogbomosho, Nigeria",68,186,146,2019-12-15 07:46:14,2020-07-29 16:13:06,4,"#Day25.26 of Machine learning with @DataScienceNIG .I am in the process of learning how to use  SVM from scratch.
@AiLautech 
#DSN70daysofML 
@wimlds 
#MachineLearning 
@o_funminiyi","[{'text': 'Day25', 'indices': [14, 20]}]"
AiLautech,"@DataScienceNIG AI+ Community in Lautech. AI meetups/trainings for knowledge,
research and innovation. Lead: @_emmapraise
#1m_AI_talents_in_10_years","Ogbomosho, Nigeria",68,186,146,2019-12-15 07:46:14,2020-07-29 16:12:45,6,"#day27 of Machine Learning with @DataScienceNIG .I learnt about SVM optimization, convex optimization.
@AiLautech 
@Dsn70daysofML 
#MachineLearning
@wimlds 
@o_funminiyi 
#70daysofML","[{'text': 'day27', 'indices': [14, 20]}]"
Gladdens_Eniola,Python programmer | SQL | Data Science & ML Enthusiast | CS Undergrad.,"Lagos, Nigeria",275,77,158,2016-09-26 17:46:45,2020-07-29 12:19:22,1,"Today we were introduced to Kernels at the #70daysofML with @DataScienceNIG. A Kernel is a similarity function that takes in two inputs and gives their similarity as output.
@Dsn70daysofML 
#MachineLearning","[{'text': '70daysofML', 'indices': [43, 54]}, {'text': 'MachineLearning', 'indices': [190, 206]}]"
newbie_codes,What folks are saying about the newbies,,0,191,11606,2019-11-23 17:44:31,2020-07-29 00:51:28,4,"Day [28/70]
The svm algorithm completed. So long!
Hyperplane of the sample data displayed. The visualize method isn't exactly by default, part of the svm model. it's just an add in this case to help us see how this thing works.
#DSN70DaysOfML #Python #CodeNewbie #MachineLearning https://t.co/lM8il3Gf73",[]
Dsn70daysofML,"I am a bot that was created to inspire the next generation of Machine Learning Engineers that are been trained at Data Science Nigeria 
Kindly follow me","Lagos, Nigeria",22,66,506,2020-06-29 07:01:47,2020-07-29 00:46:05,4,"Day [28/70]
The svm algorithm completed. So long!
Hyperplane of the sample data displayed. The visualize method isn't exactly by default, part of the svm model. it's just an add in this case to help us see how this thing works.
#DSN70DaysOfML #Python #CodeNewbie #MachineLearning https://t.co/lM8il3Gf73",[]
developersbot,"I serve as a motivator to programmers üë®‚Äçüíª@engg_rky programmed me in #NodeJS. I‚Äôm working 24x7 & now hungry, please feed me your FOLLOW üëç otherwise I‚Äôll DIEüíÄ",AWS Server,1,1165,75092,2020-05-31 19:31:30,2020-07-29 00:45:25,4,"Day [28/70]
The svm algorithm completed. So long!
Hyperplane of the sample data displayed. The visualize method isn't exactly by default, part of the svm model. it's just an add in this case to help us see how this thing works.
#DSN70DaysOfML #Python #CodeNewbie #MachineLearning https://t.co/lM8il3Gf73",[]
gold_ochim,...üåá,"Abuja, Nigeria",507,112,227,2018-02-25 19:40:54,2020-07-29 00:45:21,4,"Day [28/70]
The svm algorithm completed. So long!
Hyperplane of the sample data displayed. The visualize method isn't exactly by default, part of the svm model. it's just an add in this case to help us see how this thing works.
#DSN70DaysOfML #Python #CodeNewbie #MachineLearning https://t.co/lM8il3Gf73","[{'text': 'DSN70DaysOfML', 'indices': [228, 242]}, {'text': 'Python', 'indices': [243, 250]}, {'text': 'CodeNewbie', 'indices': [251, 262]}, {'text': 'MachineLearning', 'indices': [263, 279]}]"
Dsn70daysofML,"I am a bot that was created to inspire the next generation of Machine Learning Engineers that are been trained at Data Science Nigeria 
Kindly follow me","Lagos, Nigeria",22,66,506,2020-06-29 07:01:47,2020-07-28 22:59:46,1,"#Day28 of #DSN70daysofML
@DataScienceNIG
The difference between the SVM hyperplanes and the decision boundary is :
 The SVM hyperplanes map entri to either 1 or -1 while the decision boundary hyperplane separate these points","[{'text': 'Day28', 'indices': [17, 23]}, {'text': 'DSN70daysofML', 'indices': [27, 41]}]"
chibuike170,"#ElectronicsLover  #IoT C++
#arduino #Embeddedsystems #ShamelessLearner 
#ArsenalFan #Wireless #IgboAmaka #AfricanRep",,1098,631,197,2019-09-27 11:02:20,2020-07-28 22:59:11,1,"#Day28 of #DSN70daysofML
@DataScienceNIG
The difference between the SVM hyperplanes and the decision boundary is :
 The SVM hyperplanes map entri to either 1 or -1 while the decision boundary hyperplane separate these points","[{'text': 'Day28', 'indices': [0, 6]}, {'text': 'DSN70daysofML', 'indices': [10, 24]}]"
techtrendingnow,"Follow me for update about what trend in tech right now : GPT-3 | AI | BlockChain etc... Like My Work? plz, Buy Me A coffee: https://t.co/UWL6Aa3dbq",,81,584,43317,2018-06-22 10:41:21,2020-07-28 22:52:34,2,"#Day28 of Machine Learning with @DataScienceNIG .We completed the SVM from scratch, but unfortunately my visual is still not showing, I have so many errors , will debug tomorrow.
@AiLautech 
@o_funminiyi 
#MachineLearning
@Dsn70daysofML 
@wimlds 
#Dsn70daysofML","[{'text': 'Day28', 'indices': [14, 20]}]"
Dsn70daysofML,"I am a bot that was created to inspire the next generation of Machine Learning Engineers that are been trained at Data Science Nigeria 
Kindly follow me","Lagos, Nigeria",22,66,506,2020-06-29 07:01:47,2020-07-28 22:52:29,2,"#Day28 of Machine Learning with @DataScienceNIG .We completed the SVM from scratch, but unfortunately my visual is still not showing, I have so many errors , will debug tomorrow.
@AiLautech 
@o_funminiyi 
#MachineLearning
@Dsn70daysofML 
@wimlds 
#Dsn70daysofML","[{'text': 'Day28', 'indices': [14, 20]}]"
v_fadare,"God Over Everything//A Mathematician//Tech enthusiast  https://t.co/Glb4WwaYg5 Web Developer//Data Scientist//Entrepreneur//
ayomidefadare26@gmail.com.",Nigeria,623,210,417,2016-05-08 13:58:00,2020-07-28 22:51:20,2,"#Day28 of Machine Learning with @DataScienceNIG .We completed the SVM from scratch, but unfortunately my visual is still not showing, I have so many errors , will debug tomorrow.
@AiLautech 
@o_funminiyi 
#MachineLearning
@Dsn70daysofML 
@wimlds 
#Dsn70daysofML","[{'text': 'Day28', 'indices': [0, 6]}, {'text': 'MachineLearning', 'indices': [205, 221]}, {'text': 'Dsn70daysofML', 'indices': [247, 261]}]"
JimLynchCodes,"~Seek #truth, Speak #love, Stay #humble~ 
A test-driven polyglot software engineer in nyc.
Probably coding...","Manhattan, NY",3413,2287,45372,2015-10-11 18:32:07,2020-07-28 22:31:04,6,"Day 28 of #DSN70DaysOfML. We finished up with creating our custom SVM model and also got it to visualize!!. And boy! Things are getting tougher by the day.
Progress, not Perfectionü§ûü§û
#100DaysOfCode","[{'text': 'DSN70DaysOfML', 'indices': [24, 38]}]"
Dsn70daysofML,"I am a bot that was created to inspire the next generation of Machine Learning Engineers that are been trained at Data Science Nigeria 
Kindly follow me","Lagos, Nigeria",22,66,506,2020-06-29 07:01:47,2020-07-28 22:27:44,6,"Day 28 of #DSN70DaysOfML. We finished up with creating our custom SVM model and also got it to visualize!!. And boy! Things are getting tougher by the day.
Progress, not Perfectionü§ûü§û
#100DaysOfCode","[{'text': 'DSN70DaysOfML', 'indices': [24, 38]}]"
nlognbot,"Hi, I'm a bot that retweets #100daysofcode #javascript and #nlogn
You can follow me.üòâ

P.S. I was created by @nlognco DM for removal of offensive content.",,2,1439,188388,2020-05-12 04:22:53,2020-07-28 22:27:11,6,"Day 28 of #DSN70DaysOfML. We finished up with creating our custom SVM model and also got it to visualize!!. And boy! Things are getting tougher by the day.
Progress, not Perfectionü§ûü§û
#100DaysOfCode","[{'text': 'DSN70DaysOfML', 'indices': [24, 38]}]"
RobotProud,This robot is very proud of you and your progress. Automaton built in Ruby by @ray_codes_stuff to celebrate & motivate folks doing #100daysofcode,,1,458,85490,2020-04-19 16:22:45,2020-07-28 22:27:10,6,"Day 28 of #DSN70DaysOfML. We finished up with creating our custom SVM model and also got it to visualize!!. And boy! Things are getting tougher by the day.
Progress, not Perfectionü§ûü§û
#100DaysOfCode","[{'text': 'DSN70DaysOfML', 'indices': [24, 38]}]"
learn__together,"I am a bot ü§ñ Created by @toshiyamarukubo to retweet specific hashtags, #100DaysOfCode #WomenWhoCode and so on. Let's learn together üòÉ",Japan,0,2180,349803,2020-02-03 02:55:50,2020-07-28 22:27:10,6,"Day 28 of #DSN70DaysOfML. We finished up with creating our custom SVM model and also got it to visualize!!. And boy! Things are getting tougher by the day.
Progress, not Perfectionü§ûü§û
#100DaysOfCode","[{'text': 'DSN70DaysOfML', 'indices': [24, 38]}]"
100xcode,"I *only* RT your progress tweets üòé

Check out https://t.co/quTEhK1vY8 for open source icons

Follow me and @username_ZAYDEK (maker) for web dev ‚ú®",Hosted on GCP,10661,15669,426584,2018-05-27 19:03:26,2020-07-28 22:27:08,6,"Day 28 of #DSN70DaysOfML. We finished up with creating our custom SVM model and also got it to visualize!!. And boy! Things are getting tougher by the day.
Progress, not Perfectionü§ûü§û
#100DaysOfCode","[{'text': 'DSN70DaysOfML', 'indices': [24, 38]}]"
M4Mayowa,"**Civil Engineering**Data Science**Arts**               
               #Jw
'I just wanna perspire to acquire and feel alright'",,126,43,77,2020-06-12 20:54:27,2020-07-28 22:27:03,6,"Day 28 of #DSN70DaysOfML. We finished up with creating our custom SVM model and also got it to visualize!!. And boy! Things are getting tougher by the day.
Progress, not Perfectionü§ûü§û
#100DaysOfCode","[{'text': 'DSN70DaysOfML', 'indices': [10, 24]}, {'text': '100DaysOfCode', 'indices': [183, 197]}]"
drahmadbazzi,Signal Processing Engineer | PhD in Electrical Engineering #convexoptimization #linearalgebra #statistics #AI #machinelearning #animation #broid,"Nice, France",226,3069,111638,2018-12-21 17:46:56,2020-07-28 20:29:26,6,"#day27 of Machine Learning with @DataScienceNIG .I learnt about SVM optimization, convex optimization.
@AiLautech 
@Dsn70daysofML 
#MachineLearning
@wimlds 
@o_funminiyi 
#70daysofML","[{'text': 'day27', 'indices': [14, 20]}]"
Dsn70daysofML,"I am a bot that was created to inspire the next generation of Machine Learning Engineers that are been trained at Data Science Nigeria 
Kindly follow me","Lagos, Nigeria",22,66,506,2020-06-29 07:01:47,2020-07-28 20:14:08,6,"#day27 of Machine Learning with @DataScienceNIG .I learnt about SVM optimization, convex optimization.
@AiLautech 
@Dsn70daysofML 
#MachineLearning
@wimlds 
@o_funminiyi 
#70daysofML","[{'text': 'day27', 'indices': [14, 20]}]"
developersbot,"I serve as a motivator to programmers üë®‚Äçüíª@engg_rky programmed me in #NodeJS. I‚Äôm working 24x7 & now hungry, please feed me your FOLLOW üëç otherwise I‚Äôll DIEüíÄ",AWS Server,1,1165,75092,2020-05-31 19:31:30,2020-07-28 15:30:25,4,"Today we finished building our SVM class from scratch in Python! The code was quite daunting but watching the video 3 times later, I got it. Since i started #70daysofML with @DataScienceNIG my Python skills have improved a greay deal!
@Dsn70daysofML 
#MachineLearning",[]
AdesopeOladapo,"Post graduate Researcher. #Studentof:  #DataScience #AI #Python
#ComputerVision",Sheffield ,152,28,446,2019-05-02 13:22:36,2020-07-28 15:30:23,4,"Today we finished building our SVM class from scratch in Python! The code was quite daunting but watching the video 3 times later, I got it. Since i started #70daysofML with @DataScienceNIG my Python skills have improved a greay deal!
@Dsn70daysofML 
#MachineLearning",[]
techtrendingnow,"Follow me for update about what trend in tech right now : GPT-3 | AI | BlockChain etc... Like My Work? plz, Buy Me A coffee: https://t.co/UWL6Aa3dbq",,81,584,43317,2018-06-22 10:41:21,2020-07-28 15:05:30,4,"Today we finished building our SVM class from scratch in Python! The code was quite daunting but watching the video 3 times later, I got it. Since i started #70daysofML with @DataScienceNIG my Python skills have improved a greay deal!
@Dsn70daysofML 
#MachineLearning",[]
Gladdens_Eniola,Python programmer | SQL | Data Science & ML Enthusiast | CS Undergrad.,"Lagos, Nigeria",275,77,158,2016-09-26 17:46:45,2020-07-28 15:02:41,4,"Today we finished building our SVM class from scratch in Python! The code was quite daunting but watching the video 3 times later, I got it. Since i started #70daysofML with @DataScienceNIG my Python skills have improved a greay deal!
@Dsn70daysofML 
#MachineLearning","[{'text': '70daysofML', 'indices': [157, 168]}, {'text': 'MachineLearning', 'indices': [251, 267]}]"
developersbot,"I serve as a motivator to programmers üë®‚Äçüíª@engg_rky programmed me in #NodeJS. I‚Äôm working 24x7 & now hungry, please feed me your FOLLOW üëç otherwise I‚Äôll DIEüíÄ",AWS Server,1,1165,75092,2020-05-31 19:31:30,2020-07-28 07:59:12,14,"Hello everyone,  I published 2 articles recently:
‚ÄúK-Nearest Neighbor Algorithm: ‚ÄòThe Magic Behind the Scenes‚Äô‚Äù by Aminah Mardiyyah Rufai https://t.co/tplY4izAXX

#Dsn70daysofmlstudy #Womenwhocode #womenintech #DataScience #MachineLearning #MondayMotivaton #AIbootcamp2020",[]
techtrendingnow,"Follow me for update about what trend in tech right now : GPT-3 | AI | BlockChain etc... Like My Work? plz, Buy Me A coffee: https://t.co/UWL6Aa3dbq",,81,584,43317,2018-06-22 10:41:21,2020-07-28 07:59:05,14,"Hello everyone,  I published 2 articles recently:
‚ÄúK-Nearest Neighbor Algorithm: ‚ÄòThe Magic Behind the Scenes‚Äô‚Äù by Aminah Mardiyyah Rufai https://t.co/tplY4izAXX

#Dsn70daysofmlstudy #Womenwhocode #womenintech #DataScience #MachineLearning #MondayMotivaton #AIbootcamp2020",[]
femtech_,"I'm a friendly bot retweeting female developers, engineers, scientists and their stories. #girlswhocode #womenintech  #womeninstem
Made by @frankanka","Berlin, Deutschland",1,14527,706252,2019-06-25 14:36:58,2020-07-28 07:59:05,14,"Hello everyone,  I published 2 articles recently:
‚ÄúK-Nearest Neighbor Algorithm: ‚ÄòThe Magic Behind the Scenes‚Äô‚Äù by Aminah Mardiyyah Rufai https://t.co/tplY4izAXX

#Dsn70daysofmlstudy #Womenwhocode #womenintech #DataScience #MachineLearning #MondayMotivaton #AIbootcamp2020",[]
thayehas,meowüò∏,,311,285,270,2019-06-23 06:29:39,2020-07-28 07:58:59,14,"Hello everyone,  I published 2 articles recently:
‚ÄúK-Nearest Neighbor Algorithm: ‚ÄòThe Magic Behind the Scenes‚Äô‚Äù by Aminah Mardiyyah Rufai https://t.co/tplY4izAXX

#Dsn70daysofmlstudy #Womenwhocode #womenintech #DataScience #MachineLearning #MondayMotivaton #AIbootcamp2020",[]
techtrendingnow,"Follow me for update about what trend in tech right now : GPT-3 | AI | BlockChain etc... Like My Work? plz, Buy Me A coffee: https://t.co/UWL6Aa3dbq",,81,584,43317,2018-06-22 10:41:21,2020-07-28 02:05:13,5,"#Day27 of #DSN70daysofML @DataScienceNIG you know you have found great values of the weights and bias given that SVM is yi(xi. w+b) = 1 when you have a value relatively close to 1.
#machinelearning","[{'text': 'Day27', 'indices': [17, 23]}, {'text': 'DSN70daysofML', 'indices': [27, 41]}]"
Pardoe_AI,"#AI #Influencer, #Advisor & #Investor. Host https://t.co/KgQ8kD7Wn4 Founder of @Informed_AI @Neurons_AI & @Awards_AI #intoAI CEO @Pardoe_VC CAIO @Combined_Intell",Global,7406,15150,185750,2014-07-06 12:41:41,2020-07-28 02:05:08,5,"#Day27 of #DSN70daysofML @DataScienceNIG you know you have found great values of the weights and bias given that SVM is yi(xi. w+b) = 1 when you have a value relatively close to 1.
#machinelearning","[{'text': 'Day27', 'indices': [17, 23]}, {'text': 'DSN70daysofML', 'indices': [27, 41]}]"
CodeGnuts,Just a bot helping coders show their progress. Automation built in #NodeJs by @AdamSpiceOnline. #100DaysOfCode,,0,1540,195634,2020-05-28 22:26:07,2020-07-28 00:25:34,5,"Day [27/70]
Encountered errors in the SVM algorithm. Spent time debugging.... hope to continue tomorrow 
#DSN70DaysOfML #Python #CodeNewbie #MachineLearning","[{'text': 'DSN70DaysOfML', 'indices': [121, 135]}]"
Dsn70daysofML,"I am a bot that was created to inspire the next generation of Machine Learning Engineers that are been trained at Data Science Nigeria 
Kindly follow me","Lagos, Nigeria",22,66,506,2020-06-29 07:01:47,2020-07-28 00:25:33,5,"Day [27/70]
Encountered errors in the SVM algorithm. Spent time debugging.... hope to continue tomorrow 
#DSN70DaysOfML #Python #CodeNewbie #MachineLearning","[{'text': 'DSN70DaysOfML', 'indices': [121, 135]}]"
TheCuriousLuke,Luke identifies himself as a: #MachineLearning #Enthusiast ü§ñ ¬¶ #Biotechnology #Student ü§ì¬†¬¶ former #Chemical #Labtechnician üë®‚Äçüî¨ ¬¶  #Human,Switzerland,259,5098,217799,2018-11-18 10:50:47,2020-07-28 00:24:50,5,"Day [27/70]
Encountered errors in the SVM algorithm. Spent time debugging.... hope to continue tomorrow 
#DSN70DaysOfML #Python #CodeNewbie #MachineLearning","[{'text': 'DSN70DaysOfML', 'indices': [121, 135]}]"
gold_ochim,...üåá,"Abuja, Nigeria",507,112,227,2018-02-25 19:40:54,2020-07-28 00:24:35,5,"Day [27/70]
Encountered errors in the SVM algorithm. Spent time debugging.... hope to continue tomorrow 
#DSN70DaysOfML #Python #CodeNewbie #MachineLearning","[{'text': 'DSN70DaysOfML', 'indices': [105, 119]}, {'text': 'Python', 'indices': [120, 127]}, {'text': 'CodeNewbie', 'indices': [128, 139]}, {'text': 'MachineLearning', 'indices': [140, 156]}]"
blackpeopledata,We are passionate about publishing articles that help readers understand how topics of interest impact black people in America and abroad.Publish today!#article,Global,770,931,28035,2018-12-13 22:58:59,2020-07-27 22:53:29,6,"#day27 of Machine Learning with @DataScienceNIG .I learnt about SVM optimization, convex optimization.
@AiLautech 
@Dsn70daysofML 
#MachineLearning
@wimlds 
@o_funminiyi 
#70daysofML","[{'text': 'day27', 'indices': [14, 20]}]"
drahmadbazzi,Signal Processing Engineer | PhD in Electrical Engineering #convexoptimization #linearalgebra #statistics #AI #machinelearning #animation #broid,"Nice, France",226,3069,111638,2018-12-21 17:46:56,2020-07-27 22:50:20,6,"#day27 of Machine Learning with @DataScienceNIG .I learnt about SVM optimization, convex optimization.
@AiLautech 
@Dsn70daysofML 
#MachineLearning
@wimlds 
@o_funminiyi 
#70daysofML","[{'text': 'day27', 'indices': [14, 20]}]"
v_fadare,"God Over Everything//A Mathematician//Tech enthusiast  https://t.co/Glb4WwaYg5 Web Developer//Data Scientist//Entrepreneur//
ayomidefadare26@gmail.com.",Nigeria,623,210,417,2016-05-08 13:58:00,2020-07-27 22:50:04,6,"#day27 of Machine Learning with @DataScienceNIG .I learnt about SVM optimization, convex optimization.
@AiLautech 
@Dsn70daysofML 
#MachineLearning
@wimlds 
@o_funminiyi 
#70daysofML","[{'text': 'day27', 'indices': [0, 6]}, {'text': 'MachineLearning', 'indices': [131, 147]}, {'text': '70daysofML', 'indices': [171, 182]}]"
machine_ml,"Here, we retweet everything related to #MachineLearning
-
Data Science with Python: https://t.co/0HeXi52hwW
-
IBM Data Science Professional: https://t.co/NGM1EBnTyB",,21,10761,132259,2018-06-06 04:55:52,2020-07-27 22:16:50,5,"#Day27 of #DSN70daysofML @DataScienceNIG you know you have found great values of the weights and bias given that SVM is yi(xi. w+b) = 1 when you have a value relatively close to 1.
#machinelearning","[{'text': 'Day27', 'indices': [17, 23]}, {'text': 'DSN70daysofML', 'indices': [27, 41]}]"
developersbot,"I serve as a motivator to programmers üë®‚Äçüíª@engg_rky programmed me in #NodeJS. I‚Äôm working 24x7 & now hungry, please feed me your FOLLOW üëç otherwise I‚Äôll DIEüíÄ",AWS Server,1,1165,75092,2020-05-31 19:31:30,2020-07-27 22:12:55,5,"#Day27 of #DSN70daysofML @DataScienceNIG you know you have found great values of the weights and bias given that SVM is yi(xi. w+b) = 1 when you have a value relatively close to 1.
#machinelearning","[{'text': 'Day27', 'indices': [17, 23]}, {'text': 'DSN70daysofML', 'indices': [27, 41]}]"
Dsn70daysofML,"I am a bot that was created to inspire the next generation of Machine Learning Engineers that are been trained at Data Science Nigeria 
Kindly follow me","Lagos, Nigeria",22,66,506,2020-06-29 07:01:47,2020-07-27 22:12:51,5,"#Day27 of #DSN70daysofML @DataScienceNIG you know you have found great values of the weights and bias given that SVM is yi(xi. w+b) = 1 when you have a value relatively close to 1.
#machinelearning","[{'text': 'Day27', 'indices': [17, 23]}, {'text': 'DSN70daysofML', 'indices': [27, 41]}]"
chibuike170,"#ElectronicsLover  #IoT C++
#arduino #Embeddedsystems #ShamelessLearner 
#ArsenalFan #Wireless #IgboAmaka #AfricanRep",,1098,631,197,2019-09-27 11:02:20,2020-07-27 22:11:23,5,"#Day27 of #DSN70daysofML @DataScienceNIG you know you have found great values of the weights and bias given that SVM is yi(xi. w+b) = 1 when you have a value relatively close to 1.
#machinelearning","[{'text': 'Day27', 'indices': [0, 6]}, {'text': 'DSN70daysofML', 'indices': [10, 24]}, {'text': 'machinelearning', 'indices': [181, 197]}]"
techtrendingnow,"Follow me for update about what trend in tech right now : GPT-3 | AI | BlockChain etc... Like My Work? plz, Buy Me A coffee: https://t.co/UWL6Aa3dbq",,81,584,43317,2018-06-22 10:41:21,2020-07-27 21:44:41,14,"Hello everyone,  I published 2 articles recently:
‚ÄúK-Nearest Neighbor Algorithm: ‚ÄòThe Magic Behind the Scenes‚Äô‚Äù by Aminah Mardiyyah Rufai https://t.co/tplY4izAXX

#Dsn70daysofmlstudy #Womenwhocode #womenintech #DataScience #MachineLearning #MondayMotivaton #AIbootcamp2020",[]
Nasereliver,"A Muslim| statistician|Data-scientist@AXAMansard||@AISaturdaysIB Facilitator|
LiverpoolDian @LFC|Nigeria Student Ambassador @Zindi|MLI enthusiast","Ibadan, Nigeria",2301,1420,7278,2016-01-04 06:25:39,2020-07-27 21:44:36,14,"Hello everyone,  I published 2 articles recently:
‚ÄúK-Nearest Neighbor Algorithm: ‚ÄòThe Magic Behind the Scenes‚Äô‚Äù by Aminah Mardiyyah Rufai https://t.co/tplY4izAXX

#Dsn70daysofmlstudy #Womenwhocode #womenintech #DataScience #MachineLearning #MondayMotivaton #AIbootcamp2020",[]
drahmadbazzi,Signal Processing Engineer | PhD in Electrical Engineering #convexoptimization #linearalgebra #statistics #AI #machinelearning #animation #broid,"Nice, France",226,3069,111638,2018-12-21 17:46:56,2020-07-27 21:21:24,7,"Day 26/27 of #DSN70DaysOfML.
I've been creating a class object for the SVM model using Convex Optimization. It's not yet complete, so tomorrow, we'd get to it!!
#100DaysOfCode 
#100DaysOfMLCode","[{'text': 'DSN70DaysOfML', 'indices': [27, 41]}]"
Dsn70daysofML,"I am a bot that was created to inspire the next generation of Machine Learning Engineers that are been trained at Data Science Nigeria 
Kindly follow me","Lagos, Nigeria",22,66,506,2020-06-29 07:01:47,2020-07-27 21:17:23,1,"#Day27 of #DSN70daysofML

Going through the video again to grasp as much as I can üòÅ. SVM algorithm coding ongoing üë®‚Äçüíª. Hope this SVM is no ü•µ

@DataScienceNIG @bayoadekanmbi @AiUnilorin @Dsn70daysofML @Asanloko1 #MachineLearning","[{'text': 'Day27', 'indices': [15, 21]}, {'text': 'DSN70daysofML', 'indices': [25, 39]}]"
fikkyman1,"Christ! üì¢
Tech boy üíª
United ‚ú®‚ú®",Nigeria,417,74,293,2014-09-06 18:56:18,2020-07-27 21:17:11,1,"#Day27 of #DSN70daysofML

Going through the video again to grasp as much as I can üòÅ. SVM algorithm coding ongoing üë®‚Äçüíª. Hope this SVM is no ü•µ

@DataScienceNIG @bayoadekanmbi @AiUnilorin @Dsn70daysofML @Asanloko1 #MachineLearning","[{'text': 'Day27', 'indices': [0, 6]}, {'text': 'DSN70daysofML', 'indices': [10, 24]}, {'text': 'MachineLearning', 'indices': [211, 227]}]"
femtech_,"I'm a friendly bot retweeting female developers, engineers, scientists and their stories. #girlswhocode #womenintech  #womeninstem
Made by @frankanka","Berlin, Deutschland",1,14527,706252,2019-06-25 14:36:58,2020-07-27 21:11:06,14,"Hello everyone,  I published 2 articles recently:
‚ÄúK-Nearest Neighbor Algorithm: ‚ÄòThe Magic Behind the Scenes‚Äô‚Äù by Aminah Mardiyyah Rufai https://t.co/tplY4izAXX

#Dsn70daysofmlstudy #Womenwhocode #womenintech #DataScience #MachineLearning #MondayMotivaton #AIbootcamp2020",[]
